nps_text,nps_value,dn,od_in,od_mm,schedule_token,schedule_normalized,wall_in,wall_mm,standard_family,material_group,source_status,notes
1/8,0.125,6,0.405,10.29,5S,5S,0.035,0.89,B36.19M_LIKE,STAINLESS_STEEL_PREFERRED,OPERATIVE_PUBLIC_REFERENCE_NEEDS_ENGINEERING_APPROVAL,Tabla operativa para Hermes; no sustituye ASME oficial
1/8,0.125,6,0.405,10.29,10,10,0.049,1.24,B36.10M_LIKE,CARBON_STEEL_DEFAULT,OPERATIVE_PUBLIC_REFERENCE_NEEDS_ENGINEERING_APPROVAL,Tabla operativa para Hermes; no sustituye ASME oficial
1/8,0.125,6,0.405,10.29,10S,10S,0.049,1.24,B36.19M_LIKE,STAINLESS_STEEL_PREFERRED,OPERATIVE_PUBLIC_REFERENCE_NEEDS_ENGINEERING_APPROVAL,Tabla operativa para Hermes; no sustituye ASME oficial
1/8,0.125,6,0.405,10.29,30,30,0.057,1.45,B36.10M_LIKE,CARBON_STEEL_DEFAULT,OPERATIVE_PUBLIC_REFERENCE_NEEDS_ENGINEERING_APPROVAL,Tabla operativa para Hermes; no sustituye ASME oficial
1/8,0.125,6,0.405,10.29,STD,STD,0.068,1.73,B36.10M_LIKE,CARBON_STEEL_DEFAULT,OPERATIVE_PUBLIC_REFERENCE_NEEDS_ENGINEERING_APPROVAL,Tabla operativa para Hermes; no sustituye ASME oficial
1/8,0.125,6,0.405,10.29,40,40,0.068,1.73,B36.10M_LIKE,CARBON_STEEL_DEFAULT,OPERATIVE_PUBLIC_REFERENCE_NEEDS_ENGINEERING_APPROVAL,Tabla operativa para Hermes; no sustituye ASME oficial
1/8,0.125,6,0.405,10.29,40S,40S,0.068,1.73,B36.19M_LIKE,STAINLESS_STEEL_PREFERRED,OPERATIVE_PUBLIC_REFERENCE_NEEDS_ENGINEERING_APPROVAL,Tabla operativa para Hermes; no sustituye ASME oficial
1/8,0.125,6,0.405,10.29,80S,80S,0.095,2.41,B36.19M_LIKE,STAINLESS_STEEL_PREFERRED,OPERATIVE_PUBLIC_REFERENCE_NEEDS_ENGINEERING_APPROVAL,Tabla operativa para Hermes; no sustituye ASME oficial
1/8,0.125,6,0.405,10.29,XS,XS,0.095,2.41,B36.10M_LIKE,CARBON_STEEL_DEFAULT,OPERATIVE_PUBLIC_REFERENCE_NEEDS_ENGINEERING_APPROVAL,Tabla operativa para Hermes; no sustituye ASME oficial
1/8,0.125,6,0.405,10.29,80,80,0.095,2.41,B36.10M_LIKE,CARBON_STEEL_DEFAULT,OPERATIVE_PUBLIC_REFERENCE_NEEDS_ENGINEERING_APPROVAL,Tabla operativa para Hermes; no sustituye ASME oficial
1/4,0.25,8,0.540,13.72,5S,5S,0.049,1.24,B36.19M_LIKE,STAINLESS_STEEL_PREFERRED,OPERATIVE_PUBLIC_REFERENCE_NEEDS_ENGINEERING_APPROVAL,Tabla operativa para Hermes; no sustituye ASME oficial
1/4,0.25,8,0.540,13.72,10,10,0.065,1.65,B36.10M_LIKE,CARBON_STEEL_DEFAULT,OPERATIVE_PUBLIC_REFERENCE_NEEDS_ENGINEERING_APPROVAL,Tabla operativa para Hermes; no sustituye ASME oficial
1/4,0.25,8,0.540,13.72,10S,10S,0.065,1.65,B36.19M_LIKE,STAINLESS_STEEL_PREFERRED,OPERATIVE_PUBLIC_REFERENCE_NEEDS_ENGINEERING_APPROVAL,Tabla operativa para Hermes; no sustituye ASME oficial
1/4,0.25,8,0.540,13.72,30,30,0.073,1.85,B36.10M_LIKE,CARBON_STEEL_DEFAULT,OPERATIVE_PUBLIC_REFERENCE_NEEDS_ENGINEERING_APPROVAL,Tabla operativa para Hermes; no sustituye ASME oficial
1/4,0.25,8,0.540,13.72,STD,STD,0.088,2.24,B36.10M_LIKE,CARBON_STEEL_DEFAULT,OPERATIVE_PUBLIC_REFERENCE_NEEDS_ENGINEERING_APPROVAL,Tabla operativa para Hermes; no sustituye ASME oficial
1/4,0.25,8,0.540,13.72,40,40,0.088,2.24,B36.10M_LIKE,CARBON_STEEL_DEFAULT,OPERATIVE_PUBLIC_REFERENCE_NEEDS_ENGINEERING_APPROVAL,Tabla operativa para Hermes; no sustituye ASME oficial
1/4,0.25,8,0.540,13.72,40S,40S,0.088,2.24,B36.19M_LIKE,STAINLESS_STEEL_PREFERRED,OPERATIVE_PUBLIC_REFERENCE_NEEDS_ENGINEERING_APPROVAL,Tabla operativa para Hermes; no sustituye ASME oficial
1/4,0.25,8,0.540,13.72,80S,80S,0.119,3.02,B36.19M_LIKE,STAINLESS_STEEL_PREFERRED,OPERATIVE_PUBLIC_REFERENCE_NEEDS_ENGINEERING_APPROVAL,Tabla operativa para Hermes; no sustituye ASME oficial
1/4,0.25,8,0.540,13.72,XS,XS,0.119,3.02,B36.10M_LIKE,CARBON_STEEL_DEFAULT,OPERATIVE_PUBLIC_REFERENCE_NEEDS_ENGINEERING_APPROVAL,Tabla operativa para Hermes; no sustituye ASME oficial
1/4,0.25,8,0.540,13.72,80,80,0.119,3.02,B36.10M_LIKE,CARBON_STEEL_DEFAULT,OPERATIVE_PUBLIC_REFERENCE_NEEDS_ENGINEERING_APPROVAL,Tabla operativa para Hermes; no sustituye ASME oficial
3/8,0.375,10,0.675,17.14,5S,5S,0.049,1.24,B36.19M_LIKE,STAINLESS_STEEL_PREFERRED,OPERATIVE_PUBLIC_REFERENCE_NEEDS_ENGINEERING_APPROVAL,Tabla operativa para Hermes; no sustituye ASME oficial
3/8,0.375,10,0.675,17.14,10,10,0.065,1.65,B36.10M_LIKE,CARBON_STEEL_DEFAULT,OPERATIVE_PUBLIC_REFERENCE_NEEDS_ENGINEERING_APPROVAL,Tabla operativa para Hermes; no sustituye ASME oficial
3/8,0.375,10,0.675,17.14,10S,10S,0.065,1.65,B36.19M_LIKE,STAINLESS_STEEL_PREFERRED,OPERATIVE_PUBLIC_REFERENCE_NEEDS_ENGINEERING_APPROVAL,Tabla operativa para Hermes; no sustituye ASME oficial
3/8,0.375,10,0.675,17.14,30,30,0.073,1.85,B36.10M_LIKE,CARBON_STEEL_DEFAULT,OPERATIVE_PUBLIC_REFERENCE_NEEDS_ENGINEERING_APPROVAL,Tabla operativa para Hermes; no sustituye ASME oficial
3/8,0.375,10,0.675,17.14,STD,STD,0.091,2.31,B36.10M_LIKE,CARBON_STEEL_DEFAULT,OPERATIVE_PUBLIC_REFERENCE_NEEDS_ENGINEERING_APPROVAL,Tabla operativa para Hermes; no sustituye ASME oficial
3/8,0.375,10,0.675,17.14,40,40,0.091,2.31,B36.10M_LIKE,CARBON_STEEL_DEFAULT,OPERATIVE_PUBLIC_REFERENCE_NEEDS_ENGINEERING_APPROVAL,Tabla operativa para Hermes; no sustituye ASME oficial
3/8,0.375,10,0.675,17.14,40S,40S,0.091,2.31,B36.19M_LIKE,STAINLESS_STEEL_PREFERRED,OPERATIVE_PUBLIC_REFERENCE_NEEDS_ENGINEERING_APPROVAL,Tabla operativa para Hermes; no sustituye ASME oficial
3/8,0.375,10,0.675,17.14,80S,80S,0.126,3.20,B36.19M_LIKE,STAINLESS_STEEL_PREFERRED,OPERATIVE_PUBLIC_REFERENCE_NEEDS_ENGINEERING_APPROVAL,Tabla operativa para Hermes; no sustituye ASME oficial
3/8,0.375,10,0.675,17.14,XS,XS,0.126,3.20,B36.10M_LIKE,CARBON_STEEL_DEFAULT,OPERATIVE_PUBLIC_REFERENCE_NEEDS_ENGINEERING_APPROVAL,Tabla operativa para Hermes; no sustituye ASME oficial
3/8,0.375,10,0.675,17.14,80,80,0.126,3.20,B36.10M_LIKE,CARBON_STEEL_DEFAULT,OPERATIVE_PUBLIC_REFERENCE_NEEDS_ENGINEERING_APPROVAL,Tabla operativa para Hermes; no sustituye ASME oficial
1/2,0.5,15,0.840,21.34,5S,5S,0.065,1.65,B36.19M_LIKE,STAINLESS_STEEL_PREFERRED,OPERATIVE_PUBLIC_REFERENCE_NEEDS_ENGINEERING_APPROVAL,Tabla operativa para Hermes; no sustituye ASME oficial
1/2,0.5,15,0.840,21.34,10,10,0.083,2.11,B36.10M_LIKE,CARBON_STEEL_DEFAULT,OPERATIVE_PUBLIC_REFERENCE_NEEDS_ENGINEERING_APPROVAL,Tabla operativa para Hermes; no sustituye ASME oficial
1/2,0.5,15,0.840,21.34,10S,10S,0.083,2.11,B36.19M_LIKE,STAINLESS_STEEL_PREFERRED,OPERATIVE_PUBLIC_REFERENCE_NEEDS_ENGINEERING_APPROVAL,Tabla operativa para Hermes; no sustituye ASME oficial
1/2,0.5,15,0.840,21.34,30,30,0.095,2.41,B36.10M_LIKE,CARBON_STEEL_DEFAULT,OPERATIVE_PUBLIC_REFERENCE_NEEDS_ENGINEERING_APPROVAL,Tabla operativa para Hermes; no sustituye ASME oficial
1/2,0.5,15,0.840,21.34,STD,STD,0.109,2.77,B36.10M_LIKE,CARBON_STEEL_DEFAULT,OPERATIVE_PUBLIC_REFERENCE_NEEDS_ENGINEERING_APPROVAL,Tabla operativa para Hermes; no sustituye ASME oficial
1/2,0.5,15,0.840,21.34,40,40,0.109,2.77,B36.10M_LIKE,CARBON_STEEL_DEFAULT,OPERATIVE_PUBLIC_REFERENCE_NEEDS_ENGINEERING_APPROVAL,Tabla operativa para Hermes; no sustituye ASME oficial
1/2,0.5,15,0.840,21.34,40S,40S,0.109,2.77,B36.19M_LIKE,STAINLESS_STEEL_PREFERRED,OPERATIVE_PUBLIC_REFERENCE_NEEDS_ENGINEERING_APPROVAL,Tabla operativa para Hermes; no sustituye ASME oficial
1/2,0.5,15,0.840,21.34,80S,80S,0.147,3.73,B36.19M_LIKE,STAINLESS_STEEL_PREFERRED,OPERATIVE_PUBLIC_REFERENCE_NEEDS_ENGINEERING_APPROVAL,Tabla operativa para Hermes; no sustituye ASME oficial
1/2,0.5,15,0.840,21.34,XS,XS,0.147,3.73,B36.10M_LIKE,CARBON_STEEL_DEFAULT,OPERATIVE_PUBLIC_REFERENCE_NEEDS_ENGINEERING_APPROVAL,Tabla operativa para Hermes; no sustituye ASME oficial
1/2,0.5,15,0.840,21.34,80,80,0.147,3.73,B36.10M_LIKE,CARBON_STEEL_DEFAULT,OPERATIVE_PUBLIC_REFERENCE_NEEDS_ENGINEERING_APPROVAL,Tabla operativa para Hermes; no sustituye ASME oficial
1/2,0.5,15,0.840,21.34,160,160,0.188,4.78,B36.10M_LIKE,CARBON_STEEL_DEFAULT,OPERATIVE_PUBLIC_REFERENCE_NEEDS_ENGINEERING_APPROVAL,Tabla operativa para Hermes; no sustituye ASME oficial
1/2,0.5,15,0.840,21.34,XXS,XXS,0.294,7.47,B36.10M_LIKE,CARBON_STEEL_DEFAULT,OPERATIVE_PUBLIC_REFERENCE_NEEDS_ENGINEERING_APPROVAL,Tabla operativa para Hermes; no sustituye ASME oficial
3/4,0.75,20,1.050,26.67,5S,5S,0.065,1.65,B36.19M_LIKE,STAINLESS_STEEL_PREFERRED,OPERATIVE_PUBLIC_REFERENCE_NEEDS_ENGINEERING_APPROVAL,Tabla operativa para Hermes; no sustituye ASME oficial
3/4,0.75,20,1.050,26.67,10,10,0.083,2.11,B36.10M_LIKE,CARBON_STEEL_DEFAULT,OPERATIVE_PUBLIC_REFERENCE_NEEDS_ENGINEERING_APPROVAL,Tabla operativa para Hermes; no sustituye ASME oficial
3/4,0.75,20,1.050,26.67,10S,10S,0.083,2.11,B36.19M_LIKE,STAINLESS_STEEL_PREFERRED,OPERATIVE_PUBLIC_REFERENCE_NEEDS_ENGINEERING_APPROVAL,Tabla operativa para Hermes; no sustituye ASME oficial
3/4,0.75,20,1.050,26.67,30,30,0.095,2.41,B36.10M_LIKE,CARBON_STEEL_DEFAULT,OPERATIVE_PUBLIC_REFERENCE_NEEDS_ENGINEERING_APPROVAL,Tabla operativa para Hermes; no sustituye ASME oficial
3/4,0.75,20,1.050,26.67,STD,STD,0.113,2.87,B36.10M_LIKE,CARBON_STEEL_DEFAULT,OPERATIVE_PUBLIC_REFERENCE_NEEDS_ENGINEERING_APPROVAL,Tabla operativa para Hermes; no sustituye ASME oficial
3/4,0.75,20,1.050,26.67,40,40,0.113,2.87,B36.10M_LIKE,CARBON_STEEL_DEFAULT,OPERATIVE_PUBLIC_REFERENCE_NEEDS_ENGINEERING_APPROVAL,Tabla operativa para Hermes; no sustituye ASME oficial
3/4,0.75,20,1.050,26.67,40S,40S,0.113,2.87,B36.19M_LIKE,STAINLESS_STEEL_PREFERRED,OPERATIVE_PUBLIC_REFERENCE_NEEDS_ENGINEERING_APPROVAL,Tabla operativa para Hermes; no sustituye ASME oficial
3/4,0.75,20,1.050,26.67,80S,80S,0.154,3.91,B36.19M_LIKE,STAINLESS_STEEL_PREFERRED,OPERATIVE_PUBLIC_REFERENCE_NEEDS_ENGINEERING_APPROVAL,Tabla operativa para Hermes; no sustituye ASME oficial
3/4,0.75,20,1.050,26.67,XS,XS,0.154,3.91,B36.10M_LIKE,CARBON_STEEL_DEFAULT,OPERATIVE_PUBLIC_REFERENCE_NEEDS_ENGINEERING_APPROVAL,Tabla operativa para Hermes; no sustituye ASME oficial
3/4,0.75,20,1.050,26.67,80,80,0.154,3.91,B36.10M_LIKE,CARBON_STEEL_DEFAULT,OPERATIVE_PUBLIC_REFERENCE_NEEDS_ENGINEERING_APPROVAL,Tabla operativa para Hermes; no sustituye ASME oficial
3/4,0.75,20,1.050,26.67,160,160,0.219,5.56,B36.10M_LIKE,CARBON_STEEL_DEFAULT,OPERATIVE_PUBLIC_REFERENCE_NEEDS_ENGINEERING_APPROVAL,Tabla operativa para Hermes; no sustituye ASME oficial
3/4,0.75,20,1.050,26.67,XXS,XXS,0.308,7.82,B36.10M_LIKE,CARBON_STEEL_DEFAULT,OPERATIVE_PUBLIC_REFERENCE_NEEDS_ENGINEERING_APPROVAL,Tabla operativa para Hermes; no sustituye ASME oficial
1,1,25,1.315,33.40,5S,5S,0.065,1.65,B36.19M_LIKE,STAINLESS_STEEL_PREFERRED,OPERATIVE_PUBLIC_REFERENCE_NEEDS_ENGINEERING_APPROVAL,Tabla operativa para Hermes; no sustituye ASME oficial
1,1,25,1.315,33.40,10,10,0.109,2.77,B36.10M_LIKE,CARBON_STEEL_DEFAULT,OPERATIVE_PUBLIC_REFERENCE_NEEDS_ENGINEERING_APPROVAL,Tabla operativa para Hermes; no sustituye ASME oficial
1,1,25,1.315,33.40,10S,10S,0.109,2.77,B36.19M_LIKE,STAINLESS_STEEL_PREFERRED,OPERATIVE_PUBLIC_REFERENCE_NEEDS_ENGINEERING_APPROVAL,Tabla operativa para Hermes; no sustituye ASME oficial
1,1,25,1.315,33.40,30,30,0.114,2.90,B36.10M_LIKE,CARBON_STEEL_DEFAULT,OPERATIVE_PUBLIC_REFERENCE_NEEDS_ENGINEERING_APPROVAL,Tabla operativa para Hermes; no sustituye ASME oficial
1,1,25,1.315,33.40,STD,STD,0.133,3.38,B36.10M_LIKE,CARBON_STEEL_DEFAULT,OPERATIVE_PUBLIC_REFERENCE_NEEDS_ENGINEERING_APPROVAL,Tabla operativa para Hermes; no sustituye ASME oficial
1,1,25,1.315,33.40,40,40,0.133,3.38,B36.10M_LIKE,CARBON_STEEL_DEFAULT,OPERATIVE_PUBLIC_REFERENCE_NEEDS_ENGINEERING_APPROVAL,Tabla operativa para Hermes; no sustituye ASME oficial
1,1,25,1.315,33.40,40S,40S,0.133,3.38,B36.19M_LIKE,STAINLESS_STEEL_PREFERRED,OPERATIVE_PUBLIC_REFERENCE_NEEDS_ENGINEERING_APPROVAL,Tabla operativa para Hermes; no sustituye ASME oficial
1,1,25,1.315,33.40,80S,80S,0.179,4.55,B36.19M_LIKE,STAINLESS_STEEL_PREFERRED,OPERATIVE_PUBLIC_REFERENCE_NEEDS_ENGINEERING_APPROVAL,Tabla operativa para Hermes; no sustituye ASME oficial
1,1,25,1.315,33.40,XS,XS,0.179,4.55,B36.10M_LIKE,CARBON_STEEL_DEFAULT,OPERATIVE_PUBLIC_REFERENCE_NEEDS_ENGINEERING_APPROVAL,Tabla operativa para Hermes; no sustituye ASME oficial
1,1,25,1.315,33.40,80,80,0.179,4.55,B36.10M_LIKE,CARBON_STEEL_DEFAULT,OPERATIVE_PUBLIC_REFERENCE_NEEDS_ENGINEERING_APPROVAL,Tabla operativa para Hermes; no sustituye ASME oficial
1,1,25,1.315,33.40,160,160,0.250,6.35,B36.10M_LIKE,CARBON_STEEL_DEFAULT,OPERATIVE_PUBLIC_REFERENCE_NEEDS_ENGINEERING_APPROVAL,Tabla operativa para Hermes; no sustituye ASME oficial
1,1,25,1.315,33.40,XXS,XXS,0.358,9.09,B36.10M_LIKE,CARBON_STEEL_DEFAULT,OPERATIVE_PUBLIC_REFERENCE_NEEDS_ENGINEERING_APPROVAL,Tabla operativa para Hermes; no sustituye ASME oficial
1-1/4,1.25,32,1.660,42.16,5S,5S,0.065,1.65,B36.19M_LIKE,STAINLESS_STEEL_PREFERRED,OPERATIVE_PUBLIC_REFERENCE_NEEDS_ENGINEERING_APPROVAL,Tabla operativa para Hermes; no sustituye ASME oficial
1-1/4,1.25,32,1.660,42.16,10,10,0.109,2.77,B36.10M_LIKE,CARBON_STEEL_DEFAULT,OPERATIVE_PUBLIC_REFERENCE_NEEDS_ENGINEERING_APPROVAL,Tabla operativa para Hermes; no sustituye ASME oficial
1-1/4,1.25,32,1.660,42.16,10S,10S,0.109,2.77,B36.19M_LIKE,STAINLESS_STEEL_PREFERRED,OPERATIVE_PUBLIC_REFERENCE_NEEDS_ENGINEERING_APPROVAL,Tabla operativa para Hermes; no sustituye ASME oficial
1-1/4,1.25,32,1.660,42.16,30,30,0.117,2.97,B36.10M_LIKE,CARBON_STEEL_DEFAULT,OPERATIVE_PUBLIC_REFERENCE_NEEDS_ENGINEERING_APPROVAL,Tabla operativa para Hermes; no sustituye ASME oficial
1-1/4,1.25,32,1.660,42.16,STD,STD,0.140,3.56,B36.10M_LIKE,CARBON_STEEL_DEFAULT,OPERATIVE_PUBLIC_REFERENCE_NEEDS_ENGINEERING_APPROVAL,Tabla operativa para Hermes; no sustituye ASME oficial
1-1/4,1.25,32,1.660,42.16,40,40,0.140,3.56,B36.10M_LIKE,CARBON_STEEL_DEFAULT,OPERATIVE_PUBLIC_REFERENCE_NEEDS_ENGINEERING_APPROVAL,Tabla operativa para Hermes; no sustituye ASME oficial
1-1/4,1.25,32,1.660,42.16,40S,40S,0.140,3.56,B36.19M_LIKE,STAINLESS_STEEL_PREFERRED,OPERATIVE_PUBLIC_REFERENCE_NEEDS_ENGINEERING_APPROVAL,Tabla operativa para Hermes; no sustituye ASME oficial
1-1/4,1.25,32,1.660,42.16,80S,80S,0.191,4.85,B36.19M_LIKE,STAINLESS_STEEL_PREFERRED,OPERATIVE_PUBLIC_REFERENCE_NEEDS_ENGINEERING_APPROVAL,Tabla operativa para Hermes; no sustituye ASME oficial
1-1/4,1.25,32,1.660,42.16,XS,XS,0.191,4.85,B36.10M_LIKE,CARBON_STEEL_DEFAULT,OPERATIVE_PUBLIC_REFERENCE_NEEDS_ENGINEERING_APPROVAL,Tabla operativa para Hermes; no sustituye ASME oficial
1-1/4,1.25,32,1.660,42.16,80,80,0.191,4.85,B36.10M_LIKE,CARBON_STEEL_DEFAULT,OPERATIVE_PUBLIC_REFERENCE_NEEDS_ENGINEERING_APPROVAL,Tabla operativa para Hermes; no sustituye ASME oficial
1-1/4,1.25,32,1.660,42.16,160,160,0.250,6.35,B36.10M_LIKE,CARBON_STEEL_DEFAULT,OPERATIVE_PUBLIC_REFERENCE_NEEDS_ENGINEERING_APPROVAL,Tabla operativa para Hermes; no sustituye ASME oficial
1-1/4,1.25,32,1.660,42.16,XXS,XXS,0.382,9.70,B36.10M_LIKE,CARBON_STEEL_DEFAULT,OPERATIVE_PUBLIC_REFERENCE_NEEDS_ENGINEERING_APPROVAL,Tabla operativa para Hermes; no sustituye ASME oficial
1-1/2,1.5,40,1.900,48.26,5S,5S,0.065,1.65,B36.19M_LIKE,STAINLESS_STEEL_PREFERRED,OPERATIVE_PUBLIC_REFERENCE_NEEDS_ENGINEERING_APPROVAL,Tabla operativa para Hermes; no sustituye ASME oficial
1-1/2,1.5,40,1.900,48.26,10,10,0.109,2.77,B36.10M_LIKE,CARBON_STEEL_DEFAULT,OPERATIVE_PUBLIC_REFERENCE_NEEDS_ENGINEERING_APPROVAL,Tabla operativa para Hermes; no sustituye ASME oficial
1-1/2,1.5,40,1.900,48.26,10S,10S,0.109,2.77,B36.19M_LIKE,STAINLESS_STEEL_PREFERRED,OPERATIVE_PUBLIC_REFERENCE_NEEDS_ENGINEERING_APPROVAL,Tabla operativa para Hermes; no sustituye ASME oficial
1-1/2,1.5,40,1.900,48.26,30,30,0.125,3.17,B36.10M_LIKE,CARBON_STEEL_DEFAULT,OPERATIVE_PUBLIC_REFERENCE_NEEDS_ENGINEERING_APPROVAL,Tabla operativa para Hermes; no sustituye ASME oficial
1-1/2,1.5,40,1.900,48.26,STD,STD,0.145,3.68,B36.10M_LIKE,CARBON_STEEL_DEFAULT,OPERATIVE_PUBLIC_REFERENCE_NEEDS_ENGINEERING_APPROVAL,Tabla operativa para Hermes; no sustituye ASME oficial
1-1/2,1.5,40,1.900,48.26,40,40,0.145,3.68,B36.10M_LIKE,CARBON_STEEL_DEFAULT,OPERATIVE_PUBLIC_REFERENCE_NEEDS_ENGINEERING_APPROVAL,Tabla operativa para Hermes; no sustituye ASME oficial
1-1/2,1.5,40,1.900,48.26,40S,40S,0.145,3.68,B36.19M_LIKE,STAINLESS_STEEL_PREFERRED,OPERATIVE_PUBLIC_REFERENCE_NEEDS_ENGINEERING_APPROVAL,Tabla operativa para Hermes; no sustituye ASME oficial
1-1/2,1.5,40,1.900,48.26,80S,80S,0.200,5.08,B36.19M_LIKE,STAINLESS_STEEL_PREFERRED,OPERATIVE_PUBLIC_REFERENCE_NEEDS_ENGINEERING_APPROVAL,Tabla operativa para Hermes; no sustituye ASME oficial
1-1/2,1.5,40,1.900,48.26,XS,XS,0.200,5.08,B36.10M_LIKE,CARBON_STEEL_DEFAULT,OPERATIVE_PUBLIC_REFERENCE_NEEDS_ENGINEERING_APPROVAL,Tabla operativa para Hermes; no sustituye ASME oficial
1-1/2,1.5,40,1.900,48.26,80,80,0.200,5.08,B36.10M_LIKE,CARBON_STEEL_DEFAULT,OPERATIVE_PUBLIC_REFERENCE_NEEDS_ENGINEERING_APPROVAL,Tabla operativa para Hermes; no sustituye ASME oficial
1-1/2,1.5,40,1.900,48.26,160,160,0.281,7.14,B36.10M_LIKE,CARBON_STEEL_DEFAULT,OPERATIVE_PUBLIC_REFERENCE_NEEDS_ENGINEERING_APPROVAL,Tabla operativa para Hermes; no sustituye ASME oficial
1-1/2,1.5,40,1.900,48.26,XXS,XXS,0.400,10.16,B36.10M_LIKE,CARBON_STEEL_DEFAULT,OPERATIVE_PUBLIC_REFERENCE_NEEDS_ENGINEERING_APPROVAL,Tabla operativa para Hermes; no sustituye ASME oficial
2,2,50,2.375,60.32,5S,5S,0.065,1.65,B36.19M_LIKE,STAINLESS_STEEL_PREFERRED,OPERATIVE_PUBLIC_REFERENCE_NEEDS_ENGINEERING_APPROVAL,Tabla operativa para Hermes; no sustituye ASME oficial
2,2,50,2.375,60.32,10,10,0.109,2.77,B36.10M_LIKE,CARBON_STEEL_DEFAULT,OPERATIVE_PUBLIC_REFERENCE_NEEDS_ENGINEERING_APPROVAL,Tabla operativa para Hermes; no sustituye ASME oficial
2,2,50,2.375,60.32,10S,10S,0.109,2.77,B36.19M_LIKE,STAINLESS_STEEL_PREFERRED,OPERATIVE_PUBLIC_REFERENCE_NEEDS_ENGINEERING_APPROVAL,Tabla operativa para Hermes; no sustituye ASME oficial
2,2,50,2.375,60.32,30,30,0.125,3.17,B36.10M_LIKE,CARBON_STEEL_DEFAULT,OPERATIVE_PUBLIC_REFERENCE_NEEDS_ENGINEERING_APPROVAL,Tabla operativa para Hermes; no sustituye ASME oficial
2,2,50,2.375,60.32,STD,STD,0.154,3.91,B36.10M_LIKE,CARBON_STEEL_DEFAULT,OPERATIVE_PUBLIC_REFERENCE_NEEDS_ENGINEERING_APPROVAL,Tabla operativa para Hermes; no sustituye ASME oficial
2,2,50,2.375,60.32,40,40,0.154,3.91,B36.10M_LIKE,CARBON_STEEL_DEFAULT,OPERATIVE_PUBLIC_REFERENCE_NEEDS_ENGINEERING_APPROVAL,Tabla operativa para Hermes; no sustituye ASME oficial
2,2,50,2.375,60.32,40S,40S,0.154,3.91,B36.19M_LIKE,STAINLESS_STEEL_PREFERRED,OPERATIVE_PUBLIC_REFERENCE_NEEDS_ENGINEERING_APPROVAL,Tabla operativa para Hermes; no sustituye ASME oficial
2,2,50,2.375,60.32,80S,80S,0.218,5.54,B36.19M_LIKE,STAINLESS_STEEL_PREFERRED,OPERATIVE_PUBLIC_REFERENCE_NEEDS_ENGINEERING_APPROVAL,Tabla operativa para Hermes; no sustituye ASME oficial
2,2,50,2.375,60.32,XS,XS,0.218,5.54,B36.10M_LIKE,CARBON_STEEL_DEFAULT,OPERATIVE_PUBLIC_REFERENCE_NEEDS_ENGINEERING_APPROVAL,Tabla operativa para Hermes; no sustituye ASME oficial
2,2,50,2.375,60.32,80,80,0.218,5.54,B36.10M_LIKE,CARBON_STEEL_DEFAULT,OPERATIVE_PUBLIC_REFERENCE_NEEDS_ENGINEERING_APPROVAL,Tabla operativa para Hermes; no sustituye ASME oficial
2,2,50,2.375,60.32,160,160,0.344,8.74,B36.10M_LIKE,CARBON_STEEL_DEFAULT,OPERATIVE_PUBLIC_REFERENCE_NEEDS_ENGINEERING_APPROVAL,Tabla operativa para Hermes; no sustituye ASME oficial
2,2,50,2.375,60.32,XXS,XXS,0.436,11.07,B36.10M_LIKE,CARBON_STEEL_DEFAULT,OPERATIVE_PUBLIC_REFERENCE_NEEDS_ENGINEERING_APPROVAL,Tabla operativa para Hermes; no sustituye ASME oficial
2-1/2,2.5,65,2.875,73.02,5S,5S,0.083,2.11,B36.19M_LIKE,STAINLESS_STEEL_PREFERRED,OPERATIVE_PUBLIC_REFERENCE_NEEDS_ENGINEERING_APPROVAL,Tabla operativa para Hermes; no sustituye ASME oficial
2-1/2,2.5,65,2.875,73.02,10,10,0.120,3.05,B36.10M_LIKE,CARBON_STEEL_DEFAULT,OPERATIVE_PUBLIC_REFERENCE_NEEDS_ENGINEERING_APPROVAL,Tabla operativa para Hermes; no sustituye ASME oficial
2-1/2,2.5,65,2.875,73.02,10S,10S,0.120,3.05,B36.19M_LIKE,STAINLESS_STEEL_PREFERRED,OPERATIVE_PUBLIC_REFERENCE_NEEDS_ENGINEERING_APPROVAL,Tabla operativa para Hermes; no sustituye ASME oficial
2-1/2,2.5,65,2.875,73.02,30,30,0.188,4.78,B36.10M_LIKE,CARBON_STEEL_DEFAULT,OPERATIVE_PUBLIC_REFERENCE_NEEDS_ENGINEERING_APPROVAL,Tabla operativa para Hermes; no sustituye ASME oficial
2-1/2,2.5,65,2.875,73.02,STD,STD,0.203,5.16,B36.10M_LIKE,CARBON_STEEL_DEFAULT,OPERATIVE_PUBLIC_REFERENCE_NEEDS_ENGINEERING_APPROVAL,Tabla operativa para Hermes; no sustituye ASME oficial
2-1/2,2.5,65,2.875,73.02,40,40,0.203,5.16,B36.10M_LIKE,CARBON_STEEL_DEFAULT,OPERATIVE_PUBLIC_REFERENCE_NEEDS_ENGINEERING_APPROVAL,Tabla operativa para Hermes; no sustituye ASME oficial
2-1/2,2.5,65,2.875,73.02,40S,40S,0.203,5.16,B36.19M_LIKE,STAINLESS_STEEL_PREFERRED,OPERATIVE_PUBLIC_REFERENCE_NEEDS_ENGINEERING_APPROVAL,Tabla operativa para Hermes; no sustituye ASME oficial
2-1/2,2.5,65,2.875,73.02,80S,80S,0.276,7.01,B36.19M_LIKE,STAINLESS_STEEL_PREFERRED,OPERATIVE_PUBLIC_REFERENCE_NEEDS_ENGINEERING_APPROVAL,Tabla operativa para Hermes; no sustituye ASME oficial
2-1/2,2.5,65,2.875,73.02,XS,XS,0.276,7.01,B36.10M_LIKE,CARBON_STEEL_DEFAULT,OPERATIVE_PUBLIC_REFERENCE_NEEDS_ENGINEERING_APPROVAL,Tabla operativa para Hermes; no sustituye ASME oficial
2-1/2,2.5,65,2.875,73.02,80,80,0.276,7.01,B36.10M_LIKE,CARBON_STEEL_DEFAULT,OPERATIVE_PUBLIC_REFERENCE_NEEDS_ENGINEERING_APPROVAL,Tabla operativa para Hermes; no sustituye ASME oficial
2-1/2,2.5,65,2.875,73.02,120,120,0.300,7.62,B36.10M_LIKE,CARBON_STEEL_DEFAULT,OPERATIVE_PUBLIC_REFERENCE_NEEDS_ENGINEERING_APPROVAL,Tabla operativa para Hermes; no sustituye ASME oficial
2-1/2,2.5,65,2.875,73.02,160,160,0.375,9.52,B36.10M_LIKE,CARBON_STEEL_DEFAULT,OPERATIVE_PUBLIC_REFERENCE_NEEDS_ENGINEERING_APPROVAL,Tabla operativa para Hermes; no sustituye ASME oficial
2-1/2,2.5,65,2.875,73.02,XXS,XXS,0.552,14.02,B36.10M_LIKE,CARBON_STEEL_DEFAULT,OPERATIVE_PUBLIC_REFERENCE_NEEDS_ENGINEERING_APPROVAL,Tabla operativa para Hermes; no sustituye ASME oficial
3,3,80,3.500,88.90,5S,5S,0.083,2.11,B36.19M_LIKE,STAINLESS_STEEL_PREFERRED,OPERATIVE_PUBLIC_REFERENCE_NEEDS_ENGINEERING_APPROVAL,Tabla operativa para Hermes; no sustituye ASME oficial
3,3,80,3.500,88.90,10,10,0.120,3.05,B36.10M_LIKE,CARBON_STEEL_DEFAULT,OPERATIVE_PUBLIC_REFERENCE_NEEDS_ENGINEERING_APPROVAL,Tabla operativa para Hermes; no sustituye ASME oficial
3,3,80,3.500,88.90,10S,10S,0.120,3.05,B36.19M_LIKE,STAINLESS_STEEL_PREFERRED,OPERATIVE_PUBLIC_REFERENCE_NEEDS_ENGINEERING_APPROVAL,Tabla operativa para Hermes; no sustituye ASME oficial
3,3,80,3.500,88.90,30,30,0.188,4.78,B36.10M_LIKE,CARBON_STEEL_DEFAULT,OPERATIVE_PUBLIC_REFERENCE_NEEDS_ENGINEERING_APPROVAL,Tabla operativa para Hermes; no sustituye ASME oficial
3,3,80,3.500,88.90,STD,STD,0.216,5.49,B36.10M_LIKE,CARBON_STEEL_DEFAULT,OPERATIVE_PUBLIC_REFERENCE_NEEDS_ENGINEERING_APPROVAL,Tabla operativa para Hermes; no sustituye ASME oficial
3,3,80,3.500,88.90,40,40,0.216,5.49,B36.10M_LIKE,CARBON_STEEL_DEFAULT,OPERATIVE_PUBLIC_REFERENCE_NEEDS_ENGINEERING_APPROVAL,Tabla operativa para Hermes; no sustituye ASME oficial
3,3,80,3.500,88.90,40S,40S,0.216,5.49,B36.19M_LIKE,STAINLESS_STEEL_PREFERRED,OPERATIVE_PUBLIC_REFERENCE_NEEDS_ENGINEERING_APPROVAL,Tabla operativa para Hermes; no sustituye ASME oficial
3,3,80,3.500,88.90,80S,80S,0.300,7.62,B36.19M_LIKE,STAINLESS_STEEL_PREFERRED,OPERATIVE_PUBLIC_REFERENCE_NEEDS_ENGINEERING_APPROVAL,Tabla operativa para Hermes; no sustituye ASME oficial
3,3,80,3.500,88.90,XS,XS,0.300,7.62,B36.10M_LIKE,CARBON_STEEL_DEFAULT,OPERATIVE_PUBLIC_REFERENCE_NEEDS_ENGINEERING_APPROVAL,Tabla operativa para Hermes; no sustituye ASME oficial
3,3,80,3.500,88.90,80,80,0.300,7.62,B36.10M_LIKE,CARBON_STEEL_DEFAULT,OPERATIVE_PUBLIC_REFERENCE_NEEDS_ENGINEERING_APPROVAL,Tabla operativa para Hermes; no sustituye ASME oficial
3,3,80,3.500,88.90,120,120,0.350,8.89,B36.10M_LIKE,CARBON_STEEL_DEFAULT,OPERATIVE_PUBLIC_REFERENCE_NEEDS_ENGINEERING_APPROVAL,Tabla operativa para Hermes; no sustituye ASME oficial
3,3,80,3.500,88.90,160,160,0.438,11.13,B36.10M_LIKE,CARBON_STEEL_DEFAULT,OPERATIVE_PUBLIC_REFERENCE_NEEDS_ENGINEERING_APPROVAL,Tabla operativa para Hermes; no sustituye ASME oficial
3,3,80,3.500,88.90,XXS,XXS,0.600,15.24,B36.10M_LIKE,CARBON_STEEL_DEFAULT,OPERATIVE_PUBLIC_REFERENCE_NEEDS_ENGINEERING_APPROVAL,Tabla operativa para Hermes; no sustituye ASME oficial
3-1/2,3.5,90,4.000,101.60,5S,5S,0.083,2.11,B36.19M_LIKE,STAINLESS_STEEL_PREFERRED,OPERATIVE_PUBLIC_REFERENCE_NEEDS_ENGINEERING_APPROVAL,Tabla operativa para Hermes; no sustituye ASME oficial
3-1/2,3.5,90,4.000,101.60,10,10,0.120,3.05,B36.10M_LIKE,CARBON_STEEL_DEFAULT,OPERATIVE_PUBLIC_REFERENCE_NEEDS_ENGINEERING_APPROVAL,Tabla operativa para Hermes; no sustituye ASME oficial
3-1/2,3.5,90,4.000,101.60,10S,10S,0.120,3.05,B36.19M_LIKE,STAINLESS_STEEL_PREFERRED,OPERATIVE_PUBLIC_REFERENCE_NEEDS_ENGINEERING_APPROVAL,Tabla operativa para Hermes; no sustituye ASME oficial
3-1/2,3.5,90,4.000,101.60,30,30,0.188,4.78,B36.10M_LIKE,CARBON_STEEL_DEFAULT,OPERATIVE_PUBLIC_REFERENCE_NEEDS_ENGINEERING_APPROVAL,Tabla operativa para Hermes; no sustituye ASME oficial
3-1/2,3.5,90,4.000,101.60,STD,STD,0.226,5.74,B36.10M_LIKE,CARBON_STEEL_DEFAULT,OPERATIVE_PUBLIC_REFERENCE_NEEDS_ENGINEERING_APPROVAL,Tabla operativa para Hermes; no sustituye ASME oficial
3-1/2,3.5,90,4.000,101.60,40,40,0.226,5.74,B36.10M_LIKE,CARBON_STEEL_DEFAULT,OPERATIVE_PUBLIC_REFERENCE_NEEDS_ENGINEERING_APPROVAL,Tabla operativa para Hermes; no sustituye ASME oficial
3-1/2,3.5,90,4.000,101.60,40S,40S,0.226,5.74,B36.19M_LIKE,STAINLESS_STEEL_PREFERRED,OPERATIVE_PUBLIC_REFERENCE_NEEDS_ENGINEERING_APPROVAL,Tabla operativa para Hermes; no sustituye ASME oficial
3-1/2,3.5,90,4.000,101.60,80S,80S,0.318,8.08,B36.19M_LIKE,STAINLESS_STEEL_PREFERRED,OPERATIVE_PUBLIC_REFERENCE_NEEDS_ENGINEERING_APPROVAL,Tabla operativa para Hermes; no sustituye ASME oficial
3-1/2,3.5,90,4.000,101.60,XS,XS,0.318,8.08,B36.10M_LIKE,CARBON_STEEL_DEFAULT,OPERATIVE_PUBLIC_REFERENCE_NEEDS_ENGINEERING_APPROVAL,Tabla operativa para Hermes; no sustituye ASME oficial
3-1/2,3.5,90,4.000,101.60,80,80,0.318,8.08,B36.10M_LIKE,CARBON_STEEL_DEFAULT,OPERATIVE_PUBLIC_REFERENCE_NEEDS_ENGINEERING_APPROVAL,Tabla operativa para Hermes; no sustituye ASME oficial
3-1/2,3.5,90,4.000,101.60,XXS,XXS,0.636,16.15,B36.10M_LIKE,CARBON_STEEL_DEFAULT,OPERATIVE_PUBLIC_REFERENCE_NEEDS_ENGINEERING_APPROVAL,Tabla operativa para Hermes; no sustituye ASME oficial
4,4,100,4.500,114.30,5S,5S,0.083,2.11,B36.19M_LIKE,STAINLESS_STEEL_PREFERRED,OPERATIVE_PUBLIC_REFERENCE_NEEDS_ENGINEERING_APPROVAL,Tabla operativa para Hermes; no sustituye ASME oficial
4,4,100,4.500,114.30,10,10,0.120,3.05,B36.10M_LIKE,CARBON_STEEL_DEFAULT,OPERATIVE_PUBLIC_REFERENCE_NEEDS_ENGINEERING_APPROVAL,Tabla operativa para Hermes; no sustituye ASME oficial
4,4,100,4.500,114.30,10S,10S,0.120,3.05,B36.19M_LIKE,STAINLESS_STEEL_PREFERRED,OPERATIVE_PUBLIC_REFERENCE_NEEDS_ENGINEERING_APPROVAL,Tabla operativa para Hermes; no sustituye ASME oficial
4,4,100,4.500,114.30,30,30,0.188,4.78,B36.10M_LIKE,CARBON_STEEL_DEFAULT,OPERATIVE_PUBLIC_REFERENCE_NEEDS_ENGINEERING_APPROVAL,Tabla operativa para Hermes; no sustituye ASME oficial
4,4,100,4.500,114.30,STD,STD,0.237,6.02,B36.10M_LIKE,CARBON_STEEL_DEFAULT,OPERATIVE_PUBLIC_REFERENCE_NEEDS_ENGINEERING_APPROVAL,Tabla operativa para Hermes; no sustituye ASME oficial
4,4,100,4.500,114.30,40,40,0.237,6.02,B36.10M_LIKE,CARBON_STEEL_DEFAULT,OPERATIVE_PUBLIC_REFERENCE_NEEDS_ENGINEERING_APPROVAL,Tabla operativa para Hermes; no sustituye ASME oficial
4,4,100,4.500,114.30,40S,40S,0.237,6.02,B36.19M_LIKE,STAINLESS_STEEL_PREFERRED,OPERATIVE_PUBLIC_REFERENCE_NEEDS_ENGINEERING_APPROVAL,Tabla operativa para Hermes; no sustituye ASME oficial
4,4,100,4.500,114.30,80S,80S,0.337,8.56,B36.19M_LIKE,STAINLESS_STEEL_PREFERRED,OPERATIVE_PUBLIC_REFERENCE_NEEDS_ENGINEERING_APPROVAL,Tabla operativa para Hermes; no sustituye ASME oficial
4,4,100,4.500,114.30,XS,XS,0.337,8.56,B36.10M_LIKE,CARBON_STEEL_DEFAULT,OPERATIVE_PUBLIC_REFERENCE_NEEDS_ENGINEERING_APPROVAL,Tabla operativa para Hermes; no sustituye ASME oficial
4,4,100,4.500,114.30,80,80,0.337,8.56,B36.10M_LIKE,CARBON_STEEL_DEFAULT,OPERATIVE_PUBLIC_REFERENCE_NEEDS_ENGINEERING_APPROVAL,Tabla operativa para Hermes; no sustituye ASME oficial
4,4,100,4.500,114.30,120,120,0.437,11.10,B36.10M_LIKE,CARBON_STEEL_DEFAULT,OPERATIVE_PUBLIC_REFERENCE_NEEDS_ENGINEERING_APPROVAL,Tabla operativa para Hermes; no sustituye ASME oficial
4,4,100,4.500,114.30,160,160,0.531,13.49,B36.10M_LIKE,CARBON_STEEL_DEFAULT,OPERATIVE_PUBLIC_REFERENCE_NEEDS_ENGINEERING_APPROVAL,Tabla operativa para Hermes; no sustituye ASME oficial
4,4,100,4.500,114.30,XXS,XXS,0.674,17.12,B36.10M_LIKE,CARBON_STEEL_DEFAULT,OPERATIVE_PUBLIC_REFERENCE_NEEDS_ENGINEERING_APPROVAL,Tabla operativa para Hermes; no sustituye ASME oficial
4-1/2,4.5,115,5.000,127.00,STD,STD,0.247,6.27,B36.10M_LIKE,CARBON_STEEL_DEFAULT,OPERATIVE_PUBLIC_REFERENCE_NEEDS_ENGINEERING_APPROVAL,Tabla operativa para Hermes; no sustituye ASME oficial
4-1/2,4.5,115,5.000,127.00,40,40,0.247,6.27,B36.10M_LIKE,CARBON_STEEL_DEFAULT,OPERATIVE_PUBLIC_REFERENCE_NEEDS_ENGINEERING_APPROVAL,Tabla operativa para Hermes; no sustituye ASME oficial
4-1/2,4.5,115,5.000,127.00,40S,40S,0.247,6.27,B36.19M_LIKE,STAINLESS_STEEL_PREFERRED,OPERATIVE_PUBLIC_REFERENCE_NEEDS_ENGINEERING_APPROVAL,Tabla operativa para Hermes; no sustituye ASME oficial
4-1/2,4.5,115,5.000,127.00,80S,80S,0.355,9.02,B36.19M_LIKE,STAINLESS_STEEL_PREFERRED,OPERATIVE_PUBLIC_REFERENCE_NEEDS_ENGINEERING_APPROVAL,Tabla operativa para Hermes; no sustituye ASME oficial
4-1/2,4.5,115,5.000,127.00,XS,XS,0.355,9.02,B36.10M_LIKE,CARBON_STEEL_DEFAULT,OPERATIVE_PUBLIC_REFERENCE_NEEDS_ENGINEERING_APPROVAL,Tabla operativa para Hermes; no sustituye ASME oficial
4-1/2,4.5,115,5.000,127.00,80,80,0.355,9.02,B36.10M_LIKE,CARBON_STEEL_DEFAULT,OPERATIVE_PUBLIC_REFERENCE_NEEDS_ENGINEERING_APPROVAL,Tabla operativa para Hermes; no sustituye ASME oficial
4-1/2,4.5,115,5.000,127.00,XXS,XXS,0.710,18.03,B36.10M_LIKE,CARBON_STEEL_DEFAULT,OPERATIVE_PUBLIC_REFERENCE_NEEDS_ENGINEERING_APPROVAL,Tabla operativa para Hermes; no sustituye ASME oficial
5,5,125,5.563,141.30,5S,5S,0.109,2.77,B36.19M_LIKE,STAINLESS_STEEL_PREFERRED,OPERATIVE_PUBLIC_REFERENCE_NEEDS_ENGINEERING_APPROVAL,Tabla operativa para Hermes; no sustituye ASME oficial
5,5,125,5.563,141.30,10,10,0.134,3.40,B36.10M_LIKE,CARBON_STEEL_DEFAULT,OPERATIVE_PUBLIC_REFERENCE_NEEDS_ENGINEERING_APPROVAL,Tabla operativa para Hermes; no sustituye ASME oficial
5,5,125,5.563,141.30,10S,10S,0.134,3.40,B36.19M_LIKE,STAINLESS_STEEL_PREFERRED,OPERATIVE_PUBLIC_REFERENCE_NEEDS_ENGINEERING_APPROVAL,Tabla operativa para Hermes; no sustituye ASME oficial
5,5,125,5.563,141.30,STD,STD,0.258,6.55,B36.10M_LIKE,CARBON_STEEL_DEFAULT,OPERATIVE_PUBLIC_REFERENCE_NEEDS_ENGINEERING_APPROVAL,Tabla operativa para Hermes; no sustituye ASME oficial
5,5,125,5.563,141.30,40,40,0.258,6.55,B36.10M_LIKE,CARBON_STEEL_DEFAULT,OPERATIVE_PUBLIC_REFERENCE_NEEDS_ENGINEERING_APPROVAL,Tabla operativa para Hermes; no sustituye ASME oficial
5,5,125,5.563,141.30,40S,40S,0.258,6.55,B36.19M_LIKE,STAINLESS_STEEL_PREFERRED,OPERATIVE_PUBLIC_REFERENCE_NEEDS_ENGINEERING_APPROVAL,Tabla operativa para Hermes; no sustituye ASME oficial
5,5,125,5.563,141.30,80S,80S,0.375,9.52,B36.19M_LIKE,STAINLESS_STEEL_PREFERRED,OPERATIVE_PUBLIC_REFERENCE_NEEDS_ENGINEERING_APPROVAL,Tabla operativa para Hermes; no sustituye ASME oficial
5,5,125,5.563,141.30,XS,XS,0.375,9.52,B36.10M_LIKE,CARBON_STEEL_DEFAULT,OPERATIVE_PUBLIC_REFERENCE_NEEDS_ENGINEERING_APPROVAL,Tabla operativa para Hermes; no sustituye ASME oficial
5,5,125,5.563,141.30,80,80,0.375,9.52,B36.10M_LIKE,CARBON_STEEL_DEFAULT,OPERATIVE_PUBLIC_REFERENCE_NEEDS_ENGINEERING_APPROVAL,Tabla operativa para Hermes; no sustituye ASME oficial
5,5,125,5.563,141.30,120,120,0.500,12.70,B36.10M_LIKE,CARBON_STEEL_DEFAULT,OPERATIVE_PUBLIC_REFERENCE_NEEDS_ENGINEERING_APPROVAL,Tabla operativa para Hermes; no sustituye ASME oficial
5,5,125,5.563,141.30,160,160,0.625,15.88,B36.10M_LIKE,CARBON_STEEL_DEFAULT,OPERATIVE_PUBLIC_REFERENCE_NEEDS_ENGINEERING_APPROVAL,Tabla operativa para Hermes; no sustituye ASME oficial
5,5,125,5.563,141.30,XXS,XXS,0.750,19.05,B36.10M_LIKE,CARBON_STEEL_DEFAULT,OPERATIVE_PUBLIC_REFERENCE_NEEDS_ENGINEERING_APPROVAL,Tabla operativa para Hermes; no sustituye ASME oficial
6,6,150,6.625,168.27,5S,5S,0.109,2.77,B36.19M_LIKE,STAINLESS_STEEL_PREFERRED,OPERATIVE_PUBLIC_REFERENCE_NEEDS_ENGINEERING_APPROVAL,Tabla operativa para Hermes; no sustituye ASME oficial
6,6,150,6.625,168.27,10,10,0.134,3.40,B36.10M_LIKE,CARBON_STEEL_DEFAULT,OPERATIVE_PUBLIC_REFERENCE_NEEDS_ENGINEERING_APPROVAL,Tabla operativa para Hermes; no sustituye ASME oficial
6,6,150,6.625,168.27,10S,10S,0.134,3.40,B36.19M_LIKE,STAINLESS_STEEL_PREFERRED,OPERATIVE_PUBLIC_REFERENCE_NEEDS_ENGINEERING_APPROVAL,Tabla operativa para Hermes; no sustituye ASME oficial
6,6,150,6.625,168.27,STD,STD,0.280,7.11,B36.10M_LIKE,CARBON_STEEL_DEFAULT,OPERATIVE_PUBLIC_REFERENCE_NEEDS_ENGINEERING_APPROVAL,Tabla operativa para Hermes; no sustituye ASME oficial
6,6,150,6.625,168.27,40,40,0.280,7.11,B36.10M_LIKE,CARBON_STEEL_DEFAULT,OPERATIVE_PUBLIC_REFERENCE_NEEDS_ENGINEERING_APPROVAL,Tabla operativa para Hermes; no sustituye ASME oficial
6,6,150,6.625,168.27,40S,40S,0.280,7.11,B36.19M_LIKE,STAINLESS_STEEL_PREFERRED,OPERATIVE_PUBLIC_REFERENCE_NEEDS_ENGINEERING_APPROVAL,Tabla operativa para Hermes; no sustituye ASME oficial
6,6,150,6.625,168.27,80S,80S,0.432,10.97,B36.19M_LIKE,STAINLESS_STEEL_PREFERRED,OPERATIVE_PUBLIC_REFERENCE_NEEDS_ENGINEERING_APPROVAL,Tabla operativa para Hermes; no sustituye ASME oficial
6,6,150,6.625,168.27,XS,XS,0.432,10.97,B36.10M_LIKE,CARBON_STEEL_DEFAULT,OPERATIVE_PUBLIC_REFERENCE_NEEDS_ENGINEERING_APPROVAL,Tabla operativa para Hermes; no sustituye ASME oficial
6,6,150,6.625,168.27,80,80,0.432,10.97,B36.10M_LIKE,CARBON_STEEL_DEFAULT,OPERATIVE_PUBLIC_REFERENCE_NEEDS_ENGINEERING_APPROVAL,Tabla operativa para Hermes; no sustituye ASME oficial
6,6,150,6.625,168.27,120,120,0.562,14.27,B36.10M_LIKE,CARBON_STEEL_DEFAULT,OPERATIVE_PUBLIC_REFERENCE_NEEDS_ENGINEERING_APPROVAL,Tabla operativa para Hermes; no sustituye ASME oficial
6,6,150,6.625,168.27,160,160,0.719,18.26,B36.10M_LIKE,CARBON_STEEL_DEFAULT,OPERATIVE_PUBLIC_REFERENCE_NEEDS_ENGINEERING_APPROVAL,Tabla operativa para Hermes; no sustituye ASME oficial
6,6,150,6.625,168.27,XXS,XXS,0.864,21.95,B36.10M_LIKE,CARBON_STEEL_DEFAULT,OPERATIVE_PUBLIC_REFERENCE_NEEDS_ENGINEERING_APPROVAL,Tabla operativa para Hermes; no sustituye ASME oficial
7,7,,7.625,193.67,STD,STD,0.301,7.65,B36.10M_LIKE,CARBON_STEEL_DEFAULT,OPERATIVE_PUBLIC_REFERENCE_NEEDS_ENGINEERING_APPROVAL,Tabla operativa para Hermes; no sustituye ASME oficial
7,7,,7.625,193.67,40,40,0.301,7.65,B36.10M_LIKE,CARBON_STEEL_DEFAULT,OPERATIVE_PUBLIC_REFERENCE_NEEDS_ENGINEERING_APPROVAL,Tabla operativa para Hermes; no sustituye ASME oficial
7,7,,7.625,193.67,40S,40S,0.301,7.65,B36.19M_LIKE,STAINLESS_STEEL_PREFERRED,OPERATIVE_PUBLIC_REFERENCE_NEEDS_ENGINEERING_APPROVAL,Tabla operativa para Hermes; no sustituye ASME oficial
7,7,,7.625,193.67,80S,80S,0.500,12.70,B36.19M_LIKE,STAINLESS_STEEL_PREFERRED,OPERATIVE_PUBLIC_REFERENCE_NEEDS_ENGINEERING_APPROVAL,Tabla operativa para Hermes; no sustituye ASME oficial
7,7,,7.625,193.67,XS,XS,0.500,12.70,B36.10M_LIKE,CARBON_STEEL_DEFAULT,OPERATIVE_PUBLIC_REFERENCE_NEEDS_ENGINEERING_APPROVAL,Tabla operativa para Hermes; no sustituye ASME oficial
7,7,,7.625,193.67,80,80,0.500,12.70,B36.10M_LIKE,CARBON_STEEL_DEFAULT,OPERATIVE_PUBLIC_REFERENCE_NEEDS_ENGINEERING_APPROVAL,Tabla operativa para Hermes; no sustituye ASME oficial
7,7,,7.625,193.67,XXS,XXS,0.875,22.22,B36.10M_LIKE,CARBON_STEEL_DEFAULT,OPERATIVE_PUBLIC_REFERENCE_NEEDS_ENGINEERING_APPROVAL,Tabla operativa para Hermes; no sustituye ASME oficial
8,8,200,8.625,219.07,5S,5S,0.109,2.77,B36.19M_LIKE,STAINLESS_STEEL_PREFERRED,OPERATIVE_PUBLIC_REFERENCE_NEEDS_ENGINEERING_APPROVAL,Tabla operativa para Hermes; no sustituye ASME oficial
8,8,200,8.625,219.07,10,10,0.148,3.76,B36.10M_LIKE,CARBON_STEEL_DEFAULT,OPERATIVE_PUBLIC_REFERENCE_NEEDS_ENGINEERING_APPROVAL,Tabla operativa para Hermes; no sustituye ASME oficial
8,8,200,8.625,219.07,10S,10S,0.148,3.76,B36.19M_LIKE,STAINLESS_STEEL_PREFERRED,OPERATIVE_PUBLIC_REFERENCE_NEEDS_ENGINEERING_APPROVAL,Tabla operativa para Hermes; no sustituye ASME oficial
8,8,200,8.625,219.07,20,20,0.250,6.35,B36.10M_LIKE,CARBON_STEEL_DEFAULT,OPERATIVE_PUBLIC_REFERENCE_NEEDS_ENGINEERING_APPROVAL,Tabla operativa para Hermes; no sustituye ASME oficial
8,8,200,8.625,219.07,30,30,0.277,7.04,B36.10M_LIKE,CARBON_STEEL_DEFAULT,OPERATIVE_PUBLIC_REFERENCE_NEEDS_ENGINEERING_APPROVAL,Tabla operativa para Hermes; no sustituye ASME oficial
8,8,200,8.625,219.07,STD,STD,0.322,8.18,B36.10M_LIKE,CARBON_STEEL_DEFAULT,OPERATIVE_PUBLIC_REFERENCE_NEEDS_ENGINEERING_APPROVAL,Tabla operativa para Hermes; no sustituye ASME oficial
8,8,200,8.625,219.07,40,40,0.322,8.18,B36.10M_LIKE,CARBON_STEEL_DEFAULT,OPERATIVE_PUBLIC_REFERENCE_NEEDS_ENGINEERING_APPROVAL,Tabla operativa para Hermes; no sustituye ASME oficial
8,8,200,8.625,219.07,40S,40S,0.322,8.18,B36.19M_LIKE,STAINLESS_STEEL_PREFERRED,OPERATIVE_PUBLIC_REFERENCE_NEEDS_ENGINEERING_APPROVAL,Tabla operativa para Hermes; no sustituye ASME oficial
8,8,200,8.625,219.07,60,60,0.406,10.31,B36.10M_LIKE,CARBON_STEEL_DEFAULT,OPERATIVE_PUBLIC_REFERENCE_NEEDS_ENGINEERING_APPROVAL,Tabla operativa para Hermes; no sustituye ASME oficial
8,8,200,8.625,219.07,80S,80S,0.500,12.70,B36.19M_LIKE,STAINLESS_STEEL_PREFERRED,OPERATIVE_PUBLIC_REFERENCE_NEEDS_ENGINEERING_APPROVAL,Tabla operativa para Hermes; no sustituye ASME oficial
8,8,200,8.625,219.07,XS,XS,0.500,12.70,B36.10M_LIKE,CARBON_STEEL_DEFAULT,OPERATIVE_PUBLIC_REFERENCE_NEEDS_ENGINEERING_APPROVAL,Tabla operativa para Hermes; no sustituye ASME oficial
8,8,200,8.625,219.07,80,80,0.500,12.70,B36.10M_LIKE,CARBON_STEEL_DEFAULT,OPERATIVE_PUBLIC_REFERENCE_NEEDS_ENGINEERING_APPROVAL,Tabla operativa para Hermes; no sustituye ASME oficial
8,8,200,8.625,219.07,100,100,0.593,15.06,B36.10M_LIKE,CARBON_STEEL_DEFAULT,OPERATIVE_PUBLIC_REFERENCE_NEEDS_ENGINEERING_APPROVAL,Tabla operativa para Hermes; no sustituye ASME oficial
8,8,200,8.625,219.07,120,120,0.719,18.26,B36.10M_LIKE,CARBON_STEEL_DEFAULT,OPERATIVE_PUBLIC_REFERENCE_NEEDS_ENGINEERING_APPROVAL,Tabla operativa para Hermes; no sustituye ASME oficial
8,8,200,8.625,219.07,140,140,0.812,20.62,B36.10M_LIKE,CARBON_STEEL_DEFAULT,OPERATIVE_PUBLIC_REFERENCE_NEEDS_ENGINEERING_APPROVAL,Tabla operativa para Hermes; no sustituye ASME oficial
8,8,200,8.625,219.07,160,160,0.906,23.01,B36.10M_LIKE,CARBON_STEEL_DEFAULT,OPERATIVE_PUBLIC_REFERENCE_NEEDS_ENGINEERING_APPROVAL,Tabla operativa para Hermes; no sustituye ASME oficial
8,8,200,8.625,219.07,XXS,XXS,0.875,22.22,B36.10M_LIKE,CARBON_STEEL_DEFAULT,OPERATIVE_PUBLIC_REFERENCE_NEEDS_ENGINEERING_APPROVAL,Tabla operativa para Hermes; no sustituye ASME oficial
9,9,,9.625,244.47,STD,STD,0.342,8.69,B36.10M_LIKE,CARBON_STEEL_DEFAULT,OPERATIVE_PUBLIC_REFERENCE_NEEDS_ENGINEERING_APPROVAL,Tabla operativa para Hermes; no sustituye ASME oficial
9,9,,9.625,244.47,40,40,0.342,8.69,B36.10M_LIKE,CARBON_STEEL_DEFAULT,OPERATIVE_PUBLIC_REFERENCE_NEEDS_ENGINEERING_APPROVAL,Tabla operativa para Hermes; no sustituye ASME oficial
9,9,,9.625,244.47,40S,40S,0.342,8.69,B36.19M_LIKE,STAINLESS_STEEL_PREFERRED,OPERATIVE_PUBLIC_REFERENCE_NEEDS_ENGINEERING_APPROVAL,Tabla operativa para Hermes; no sustituye ASME oficial
9,9,,9.625,244.47,80S,80S,0.500,12.70,B36.19M_LIKE,STAINLESS_STEEL_PREFERRED,OPERATIVE_PUBLIC_REFERENCE_NEEDS_ENGINEERING_APPROVAL,Tabla operativa para Hermes; no sustituye ASME oficial
9,9,,9.625,244.47,XS,XS,0.500,12.70,B36.10M_LIKE,CARBON_STEEL_DEFAULT,OPERATIVE_PUBLIC_REFERENCE_NEEDS_ENGINEERING_APPROVAL,Tabla operativa para Hermes; no sustituye ASME oficial
9,9,,9.625,244.47,80,80,0.500,12.70,B36.10M_LIKE,CARBON_STEEL_DEFAULT,OPERATIVE_PUBLIC_REFERENCE_NEEDS_ENGINEERING_APPROVAL,Tabla operativa para Hermes; no sustituye ASME oficial
10,10,250,10.750,273.05,5S,5S,0.134,3.40,B36.19M_LIKE,STAINLESS_STEEL_PREFERRED,OPERATIVE_PUBLIC_REFERENCE_NEEDS_ENGINEERING_APPROVAL,Tabla operativa para Hermes; no sustituye ASME oficial
10,10,250,10.750,273.05,10,10,0.165,4.19,B36.10M_LIKE,CARBON_STEEL_DEFAULT,OPERATIVE_PUBLIC_REFERENCE_NEEDS_ENGINEERING_APPROVAL,Tabla operativa para Hermes; no sustituye ASME oficial
10,10,250,10.750,273.05,10S,10S,0.165,4.19,B36.19M_LIKE,STAINLESS_STEEL_PREFERRED,OPERATIVE_PUBLIC_REFERENCE_NEEDS_ENGINEERING_APPROVAL,Tabla operativa para Hermes; no sustituye ASME oficial
10,10,250,10.750,273.05,20,20,0.250,6.35,B36.10M_LIKE,CARBON_STEEL_DEFAULT,OPERATIVE_PUBLIC_REFERENCE_NEEDS_ENGINEERING_APPROVAL,Tabla operativa para Hermes; no sustituye ASME oficial
10,10,250,10.750,273.05,30,30,0.307,7.80,B36.10M_LIKE,CARBON_STEEL_DEFAULT,OPERATIVE_PUBLIC_REFERENCE_NEEDS_ENGINEERING_APPROVAL,Tabla operativa para Hermes; no sustituye ASME oficial
10,10,250,10.750,273.05,STD,STD,0.365,9.27,B36.10M_LIKE,CARBON_STEEL_DEFAULT,OPERATIVE_PUBLIC_REFERENCE_NEEDS_ENGINEERING_APPROVAL,Tabla operativa para Hermes; no sustituye ASME oficial
10,10,250,10.750,273.05,40,40,0.365,9.27,B36.10M_LIKE,CARBON_STEEL_DEFAULT,OPERATIVE_PUBLIC_REFERENCE_NEEDS_ENGINEERING_APPROVAL,Tabla operativa para Hermes; no sustituye ASME oficial
10,10,250,10.750,273.05,40S,40S,0.365,9.27,B36.19M_LIKE,STAINLESS_STEEL_PREFERRED,OPERATIVE_PUBLIC_REFERENCE_NEEDS_ENGINEERING_APPROVAL,Tabla operativa para Hermes; no sustituye ASME oficial
10,10,250,10.750,273.05,60,60,0.500,12.70,B36.10M_LIKE,CARBON_STEEL_DEFAULT,OPERATIVE_PUBLIC_REFERENCE_NEEDS_ENGINEERING_APPROVAL,Tabla operativa para Hermes; no sustituye ASME oficial
10,10,250,10.750,273.05,80S,80S,0.500,12.70,B36.19M_LIKE,STAINLESS_STEEL_PREFERRED,OPERATIVE_PUBLIC_REFERENCE_NEEDS_ENGINEERING_APPROVAL,Tabla operativa para Hermes; no sustituye ASME oficial
10,10,250,10.750,273.05,XS,XS,0.500,12.70,B36.10M_LIKE,CARBON_STEEL_DEFAULT,OPERATIVE_PUBLIC_REFERENCE_NEEDS_ENGINEERING_APPROVAL,Tabla operativa para Hermes; no sustituye ASME oficial
10,10,250,10.750,273.05,80,80,0.594,15.09,B36.10M_LIKE,CARBON_STEEL_DEFAULT,OPERATIVE_PUBLIC_REFERENCE_NEEDS_ENGINEERING_APPROVAL,Tabla operativa para Hermes; no sustituye ASME oficial
10,10,250,10.750,273.05,100,100,0.718,18.24,B36.10M_LIKE,CARBON_STEEL_DEFAULT,OPERATIVE_PUBLIC_REFERENCE_NEEDS_ENGINEERING_APPROVAL,Tabla operativa para Hermes; no sustituye ASME oficial
10,10,250,10.750,273.05,120,120,0.843,21.41,B36.10M_LIKE,CARBON_STEEL_DEFAULT,OPERATIVE_PUBLIC_REFERENCE_NEEDS_ENGINEERING_APPROVAL,Tabla operativa para Hermes; no sustituye ASME oficial
10,10,250,10.750,273.05,140,140,1.000,25.40,B36.10M_LIKE,CARBON_STEEL_DEFAULT,OPERATIVE_PUBLIC_REFERENCE_NEEDS_ENGINEERING_APPROVAL,Tabla operativa para Hermes; no sustituye ASME oficial
10,10,250,10.750,273.05,160,160,1.125,28.57,B36.10M_LIKE,CARBON_STEEL_DEFAULT,OPERATIVE_PUBLIC_REFERENCE_NEEDS_ENGINEERING_APPROVAL,Tabla operativa para Hermes; no sustituye ASME oficial
12,12,300,12.750,323.85,5S,5S,0.156,3.96,B36.19M_LIKE,STAINLESS_STEEL_PREFERRED,OPERATIVE_PUBLIC_REFERENCE_NEEDS_ENGINEERING_APPROVAL,Tabla operativa para Hermes; no sustituye ASME oficial
12,12,300,12.750,323.85,10,10,0.180,4.57,B36.10M_LIKE,CARBON_STEEL_DEFAULT,OPERATIVE_PUBLIC_REFERENCE_NEEDS_ENGINEERING_APPROVAL,Tabla operativa para Hermes; no sustituye ASME oficial
12,12,300,12.750,323.85,10S,10S,0.180,4.57,B36.19M_LIKE,STAINLESS_STEEL_PREFERRED,OPERATIVE_PUBLIC_REFERENCE_NEEDS_ENGINEERING_APPROVAL,Tabla operativa para Hermes; no sustituye ASME oficial
12,12,300,12.750,323.85,20,20,0.250,6.35,B36.10M_LIKE,CARBON_STEEL_DEFAULT,OPERATIVE_PUBLIC_REFERENCE_NEEDS_ENGINEERING_APPROVAL,Tabla operativa para Hermes; no sustituye ASME oficial
12,12,300,12.750,323.85,30,30,0.330,8.38,B36.10M_LIKE,CARBON_STEEL_DEFAULT,OPERATIVE_PUBLIC_REFERENCE_NEEDS_ENGINEERING_APPROVAL,Tabla operativa para Hermes; no sustituye ASME oficial
12,12,300,12.750,323.85,STD,STD,0.375,9.52,B36.10M_LIKE,CARBON_STEEL_DEFAULT,OPERATIVE_PUBLIC_REFERENCE_NEEDS_ENGINEERING_APPROVAL,Tabla operativa para Hermes; no sustituye ASME oficial
12,12,300,12.750,323.85,40,40,0.406,10.31,B36.10M_LIKE,CARBON_STEEL_DEFAULT,OPERATIVE_PUBLIC_REFERENCE_NEEDS_ENGINEERING_APPROVAL,Tabla operativa para Hermes; no sustituye ASME oficial
12,12,300,12.750,323.85,40S,40S,0.375,9.52,B36.19M_LIKE,STAINLESS_STEEL_PREFERRED,OPERATIVE_PUBLIC_REFERENCE_NEEDS_ENGINEERING_APPROVAL,Tabla operativa para Hermes; no sustituye ASME oficial
12,12,300,12.750,323.85,60,60,0.562,14.27,B36.10M_LIKE,CARBON_STEEL_DEFAULT,OPERATIVE_PUBLIC_REFERENCE_NEEDS_ENGINEERING_APPROVAL,Tabla operativa para Hermes; no sustituye ASME oficial
12,12,300,12.750,323.85,80S,80S,0.500,12.70,B36.19M_LIKE,STAINLESS_STEEL_PREFERRED,OPERATIVE_PUBLIC_REFERENCE_NEEDS_ENGINEERING_APPROVAL,Tabla operativa para Hermes; no sustituye ASME oficial
12,12,300,12.750,323.85,XS,XS,0.500,12.70,B36.10M_LIKE,CARBON_STEEL_DEFAULT,OPERATIVE_PUBLIC_REFERENCE_NEEDS_ENGINEERING_APPROVAL,Tabla operativa para Hermes; no sustituye ASME oficial
12,12,300,12.750,323.85,80,80,0.687,17.45,B36.10M_LIKE,CARBON_STEEL_DEFAULT,OPERATIVE_PUBLIC_REFERENCE_NEEDS_ENGINEERING_APPROVAL,Tabla operativa para Hermes; no sustituye ASME oficial
12,12,300,12.750,323.85,100,100,0.843,21.41,B36.10M_LIKE,CARBON_STEEL_DEFAULT,OPERATIVE_PUBLIC_REFERENCE_NEEDS_ENGINEERING_APPROVAL,Tabla operativa para Hermes; no sustituye ASME oficial
12,12,300,12.750,323.85,120,120,1.000,25.40,B36.10M_LIKE,CARBON_STEEL_DEFAULT,OPERATIVE_PUBLIC_REFERENCE_NEEDS_ENGINEERING_APPROVAL,Tabla operativa para Hermes; no sustituye ASME oficial
12,12,300,12.750,323.85,140,140,1.125,28.57,B36.10M_LIKE,CARBON_STEEL_DEFAULT,OPERATIVE_PUBLIC_REFERENCE_NEEDS_ENGINEERING_APPROVAL,Tabla operativa para Hermes; no sustituye ASME oficial
12,12,300,12.750,323.85,160,160,1.312,33.32,B36.10M_LIKE,CARBON_STEEL_DEFAULT,OPERATIVE_PUBLIC_REFERENCE_NEEDS_ENGINEERING_APPROVAL,Tabla operativa para Hermes; no sustituye ASME oficial
14,14,350,14.000,355.60,5S,5S,0.156,3.96,B36.19M_LIKE,STAINLESS_STEEL_PREFERRED,OPERATIVE_PUBLIC_REFERENCE_NEEDS_ENGINEERING_APPROVAL,Tabla operativa para Hermes; no sustituye ASME oficial
14,14,350,14.000,355.60,10,10,0.250,6.35,B36.10M_LIKE,CARBON_STEEL_DEFAULT,OPERATIVE_PUBLIC_REFERENCE_NEEDS_ENGINEERING_APPROVAL,Tabla operativa para Hermes; no sustituye ASME oficial
14,14,350,14.000,355.60,10S,10S,0.188,4.78,B36.19M_LIKE,STAINLESS_STEEL_PREFERRED,OPERATIVE_PUBLIC_REFERENCE_NEEDS_ENGINEERING_APPROVAL,Tabla operativa para Hermes; no sustituye ASME oficial
14,14,350,14.000,355.60,20,20,0.312,7.92,B36.10M_LIKE,CARBON_STEEL_DEFAULT,OPERATIVE_PUBLIC_REFERENCE_NEEDS_ENGINEERING_APPROVAL,Tabla operativa para Hermes; no sustituye ASME oficial
14,14,350,14.000,355.60,30,30,0.375,9.52,B36.10M_LIKE,CARBON_STEEL_DEFAULT,OPERATIVE_PUBLIC_REFERENCE_NEEDS_ENGINEERING_APPROVAL,Tabla operativa para Hermes; no sustituye ASME oficial
14,14,350,14.000,355.60,STD,STD,0.375,9.52,B36.10M_LIKE,CARBON_STEEL_DEFAULT,OPERATIVE_PUBLIC_REFERENCE_NEEDS_ENGINEERING_APPROVAL,Tabla operativa para Hermes; no sustituye ASME oficial
14,14,350,14.000,355.60,40,40,0.437,11.10,B36.10M_LIKE,CARBON_STEEL_DEFAULT,OPERATIVE_PUBLIC_REFERENCE_NEEDS_ENGINEERING_APPROVAL,Tabla operativa para Hermes; no sustituye ASME oficial
14,14,350,14.000,355.60,40S,40S,0.375,9.52,B36.19M_LIKE,STAINLESS_STEEL_PREFERRED,OPERATIVE_PUBLIC_REFERENCE_NEEDS_ENGINEERING_APPROVAL,Tabla operativa para Hermes; no sustituye ASME oficial
14,14,350,14.000,355.60,60,60,0.593,15.06,B36.10M_LIKE,CARBON_STEEL_DEFAULT,OPERATIVE_PUBLIC_REFERENCE_NEEDS_ENGINEERING_APPROVAL,Tabla operativa para Hermes; no sustituye ASME oficial
14,14,350,14.000,355.60,80S,80S,0.500,12.70,B36.19M_LIKE,STAINLESS_STEEL_PREFERRED,OPERATIVE_PUBLIC_REFERENCE_NEEDS_ENGINEERING_APPROVAL,Tabla operativa para Hermes; no sustituye ASME oficial
14,14,350,14.000,355.60,XS,XS,0.500,12.70,B36.10M_LIKE,CARBON_STEEL_DEFAULT,OPERATIVE_PUBLIC_REFERENCE_NEEDS_ENGINEERING_APPROVAL,Tabla operativa para Hermes; no sustituye ASME oficial
14,14,350,14.000,355.60,80,80,0.750,19.05,B36.10M_LIKE,CARBON_STEEL_DEFAULT,OPERATIVE_PUBLIC_REFERENCE_NEEDS_ENGINEERING_APPROVAL,Tabla operativa para Hermes; no sustituye ASME oficial
14,14,350,14.000,355.60,100,100,0.937,23.80,B36.10M_LIKE,CARBON_STEEL_DEFAULT,OPERATIVE_PUBLIC_REFERENCE_NEEDS_ENGINEERING_APPROVAL,Tabla operativa para Hermes; no sustituye ASME oficial
14,14,350,14.000,355.60,120,120,1.093,27.76,B36.10M_LIKE,CARBON_STEEL_DEFAULT,OPERATIVE_PUBLIC_REFERENCE_NEEDS_ENGINEERING_APPROVAL,Tabla operativa para Hermes; no sustituye ASME oficial
14,14,350,14.000,355.60,140,140,1.250,31.75,B36.10M_LIKE,CARBON_STEEL_DEFAULT,OPERATIVE_PUBLIC_REFERENCE_NEEDS_ENGINEERING_APPROVAL,Tabla operativa para Hermes; no sustituye ASME oficial
14,14,350,14.000,355.60,160,160,1.406,35.71,B36.10M_LIKE,CARBON_STEEL_DEFAULT,OPERATIVE_PUBLIC_REFERENCE_NEEDS_ENGINEERING_APPROVAL,Tabla operativa para Hermes; no sustituye ASME oficial
16,16,400,16.000,406.40,5S,5S,0.165,4.19,B36.19M_LIKE,STAINLESS_STEEL_PREFERRED,OPERATIVE_PUBLIC_REFERENCE_NEEDS_ENGINEERING_APPROVAL,Tabla operativa para Hermes; no sustituye ASME oficial
16,16,400,16.000,406.40,10,10,0.250,6.35,B36.10M_LIKE,CARBON_STEEL_DEFAULT,OPERATIVE_PUBLIC_REFERENCE_NEEDS_ENGINEERING_APPROVAL,Tabla operativa para Hermes; no sustituye ASME oficial
16,16,400,16.000,406.40,10S,10S,0.188,4.78,B36.19M_LIKE,STAINLESS_STEEL_PREFERRED,OPERATIVE_PUBLIC_REFERENCE_NEEDS_ENGINEERING_APPROVAL,Tabla operativa para Hermes; no sustituye ASME oficial
16,16,400,16.000,406.40,20,20,0.312,7.92,B36.10M_LIKE,CARBON_STEEL_DEFAULT,OPERATIVE_PUBLIC_REFERENCE_NEEDS_ENGINEERING_APPROVAL,Tabla operativa para Hermes; no sustituye ASME oficial
16,16,400,16.000,406.40,30,30,0.375,9.52,B36.10M_LIKE,CARBON_STEEL_DEFAULT,OPERATIVE_PUBLIC_REFERENCE_NEEDS_ENGINEERING_APPROVAL,Tabla operativa para Hermes; no sustituye ASME oficial
16,16,400,16.000,406.40,STD,STD,0.375,9.52,B36.10M_LIKE,CARBON_STEEL_DEFAULT,OPERATIVE_PUBLIC_REFERENCE_NEEDS_ENGINEERING_APPROVAL,Tabla operativa para Hermes; no sustituye ASME oficial
16,16,400,16.000,406.40,40,40,0.500,12.70,B36.10M_LIKE,CARBON_STEEL_DEFAULT,OPERATIVE_PUBLIC_REFERENCE_NEEDS_ENGINEERING_APPROVAL,Tabla operativa para Hermes; no sustituye ASME oficial
16,16,400,16.000,406.40,40S,40S,0.375,9.52,B36.19M_LIKE,STAINLESS_STEEL_PREFERRED,OPERATIVE_PUBLIC_REFERENCE_NEEDS_ENGINEERING_APPROVAL,Tabla operativa para Hermes; no sustituye ASME oficial
16,16,400,16.000,406.40,60,60,0.656,16.66,B36.10M_LIKE,CARBON_STEEL_DEFAULT,OPERATIVE_PUBLIC_REFERENCE_NEEDS_ENGINEERING_APPROVAL,Tabla operativa para Hermes; no sustituye ASME oficial
16,16,400,16.000,406.40,80S,80S,0.500,12.70,B36.19M_LIKE,STAINLESS_STEEL_PREFERRED,OPERATIVE_PUBLIC_REFERENCE_NEEDS_ENGINEERING_APPROVAL,Tabla operativa para Hermes; no sustituye ASME oficial
16,16,400,16.000,406.40,XS,XS,0.500,12.70,B36.10M_LIKE,CARBON_STEEL_DEFAULT,OPERATIVE_PUBLIC_REFERENCE_NEEDS_ENGINEERING_APPROVAL,Tabla operativa para Hermes; no sustituye ASME oficial
16,16,400,16.000,406.40,80,80,0.843,21.41,B36.10M_LIKE,CARBON_STEEL_DEFAULT,OPERATIVE_PUBLIC_REFERENCE_NEEDS_ENGINEERING_APPROVAL,Tabla operativa para Hermes; no sustituye ASME oficial
16,16,400,16.000,406.40,100,100,1.031,26.19,B36.10M_LIKE,CARBON_STEEL_DEFAULT,OPERATIVE_PUBLIC_REFERENCE_NEEDS_ENGINEERING_APPROVAL,Tabla operativa para Hermes; no sustituye ASME oficial
16,16,400,16.000,406.40,120,120,1.218,30.94,B36.10M_LIKE,CARBON_STEEL_DEFAULT,OPERATIVE_PUBLIC_REFERENCE_NEEDS_ENGINEERING_APPROVAL,Tabla operativa para Hermes; no sustituye ASME oficial
16,16,400,16.000,406.40,140,140,1.437,36.50,B36.10M_LIKE,CARBON_STEEL_DEFAULT,OPERATIVE_PUBLIC_REFERENCE_NEEDS_ENGINEERING_APPROVAL,Tabla operativa para Hermes; no sustituye ASME oficial
16,16,400,16.000,406.40,160,160,1.594,40.49,B36.10M_LIKE,CARBON_STEEL_DEFAULT,OPERATIVE_PUBLIC_REFERENCE_NEEDS_ENGINEERING_APPROVAL,Tabla operativa para Hermes; no sustituye ASME oficial
18,18,450,18.000,457.20,5S,5S,0.165,4.19,B36.19M_LIKE,STAINLESS_STEEL_PREFERRED,OPERATIVE_PUBLIC_REFERENCE_NEEDS_ENGINEERING_APPROVAL,Tabla operativa para Hermes; no sustituye ASME oficial
18,18,450,18.000,457.20,10,10,0.250,6.35,B36.10M_LIKE,CARBON_STEEL_DEFAULT,OPERATIVE_PUBLIC_REFERENCE_NEEDS_ENGINEERING_APPROVAL,Tabla operativa para Hermes; no sustituye ASME oficial
18,18,450,18.000,457.20,10S,10S,0.188,4.78,B36.19M_LIKE,STAINLESS_STEEL_PREFERRED,OPERATIVE_PUBLIC_REFERENCE_NEEDS_ENGINEERING_APPROVAL,Tabla operativa para Hermes; no sustituye ASME oficial
18,18,450,18.000,457.20,20,20,0.312,7.92,B36.10M_LIKE,CARBON_STEEL_DEFAULT,OPERATIVE_PUBLIC_REFERENCE_NEEDS_ENGINEERING_APPROVAL,Tabla operativa para Hermes; no sustituye ASME oficial
18,18,450,18.000,457.20,30,30,0.437,11.10,B36.10M_LIKE,CARBON_STEEL_DEFAULT,OPERATIVE_PUBLIC_REFERENCE_NEEDS_ENGINEERING_APPROVAL,Tabla operativa para Hermes; no sustituye ASME oficial
18,18,450,18.000,457.20,STD,STD,0.375,9.52,B36.10M_LIKE,CARBON_STEEL_DEFAULT,OPERATIVE_PUBLIC_REFERENCE_NEEDS_ENGINEERING_APPROVAL,Tabla operativa para Hermes; no sustituye ASME oficial
18,18,450,18.000,457.20,40,40,0.562,14.27,B36.10M_LIKE,CARBON_STEEL_DEFAULT,OPERATIVE_PUBLIC_REFERENCE_NEEDS_ENGINEERING_APPROVAL,Tabla operativa para Hermes; no sustituye ASME oficial
18,18,450,18.000,457.20,40S,40S,0.375,9.52,B36.19M_LIKE,STAINLESS_STEEL_PREFERRED,OPERATIVE_PUBLIC_REFERENCE_NEEDS_ENGINEERING_APPROVAL,Tabla operativa para Hermes; no sustituye ASME oficial
18,18,450,18.000,457.20,60,60,0.750,19.05,B36.10M_LIKE,CARBON_STEEL_DEFAULT,OPERATIVE_PUBLIC_REFERENCE_NEEDS_ENGINEERING_APPROVAL,Tabla operativa para Hermes; no sustituye ASME oficial
18,18,450,18.000,457.20,80S,80S,0.500,12.70,B36.19M_LIKE,STAINLESS_STEEL_PREFERRED,OPERATIVE_PUBLIC_REFERENCE_NEEDS_ENGINEERING_APPROVAL,Tabla operativa para Hermes; no sustituye ASME oficial
18,18,450,18.000,457.20,XS,XS,0.500,12.70,B36.10M_LIKE,CARBON_STEEL_DEFAULT,OPERATIVE_PUBLIC_REFERENCE_NEEDS_ENGINEERING_APPROVAL,Tabla operativa para Hermes; no sustituye ASME oficial
18,18,450,18.000,457.20,80,80,0.937,23.80,B36.10M_LIKE,CARBON_STEEL_DEFAULT,OPERATIVE_PUBLIC_REFERENCE_NEEDS_ENGINEERING_APPROVAL,Tabla operativa para Hermes; no sustituye ASME oficial
18,18,450,18.000,457.20,100,100,1.156,29.36,B36.10M_LIKE,CARBON_STEEL_DEFAULT,OPERATIVE_PUBLIC_REFERENCE_NEEDS_ENGINEERING_APPROVAL,Tabla operativa para Hermes; no sustituye ASME oficial
18,18,450,18.000,457.20,120,120,1.375,34.92,B36.10M_LIKE,CARBON_STEEL_DEFAULT,OPERATIVE_PUBLIC_REFERENCE_NEEDS_ENGINEERING_APPROVAL,Tabla operativa para Hermes; no sustituye ASME oficial
18,18,450,18.000,457.20,140,140,1.562,39.67,B36.10M_LIKE,CARBON_STEEL_DEFAULT,OPERATIVE_PUBLIC_REFERENCE_NEEDS_ENGINEERING_APPROVAL,Tabla operativa para Hermes; no sustituye ASME oficial
18,18,450,18.000,457.20,160,160,1.781,45.24,B36.10M_LIKE,CARBON_STEEL_DEFAULT,OPERATIVE_PUBLIC_REFERENCE_NEEDS_ENGINEERING_APPROVAL,Tabla operativa para Hermes; no sustituye ASME oficial
20,20,500,20.000,508.00,5S,5S,0.188,4.78,B36.19M_LIKE,STAINLESS_STEEL_PREFERRED,OPERATIVE_PUBLIC_REFERENCE_NEEDS_ENGINEERING_APPROVAL,Tabla operativa para Hermes; no sustituye ASME oficial
20,20,500,20.000,508.00,10,10,0.250,6.35,B36.10M_LIKE,CARBON_STEEL_DEFAULT,OPERATIVE_PUBLIC_REFERENCE_NEEDS_ENGINEERING_APPROVAL,Tabla operativa para Hermes; no sustituye ASME oficial
20,20,500,20.000,508.00,10S,10S,0.218,5.54,B36.19M_LIKE,STAINLESS_STEEL_PREFERRED,OPERATIVE_PUBLIC_REFERENCE_NEEDS_ENGINEERING_APPROVAL,Tabla operativa para Hermes; no sustituye ASME oficial
20,20,500,20.000,508.00,20,20,0.375,9.52,B36.10M_LIKE,CARBON_STEEL_DEFAULT,OPERATIVE_PUBLIC_REFERENCE_NEEDS_ENGINEERING_APPROVAL,Tabla operativa para Hermes; no sustituye ASME oficial
20,20,500,20.000,508.00,30,30,0.500,12.70,B36.10M_LIKE,CARBON_STEEL_DEFAULT,OPERATIVE_PUBLIC_REFERENCE_NEEDS_ENGINEERING_APPROVAL,Tabla operativa para Hermes; no sustituye ASME oficial
20,20,500,20.000,508.00,STD,STD,0.375,9.52,B36.10M_LIKE,CARBON_STEEL_DEFAULT,OPERATIVE_PUBLIC_REFERENCE_NEEDS_ENGINEERING_APPROVAL,Tabla operativa para Hermes; no sustituye ASME oficial
20,20,500,20.000,508.00,40,40,0.593,15.06,B36.10M_LIKE,CARBON_STEEL_DEFAULT,OPERATIVE_PUBLIC_REFERENCE_NEEDS_ENGINEERING_APPROVAL,Tabla operativa para Hermes; no sustituye ASME oficial
20,20,500,20.000,508.00,40S,40S,0.375,9.52,B36.19M_LIKE,STAINLESS_STEEL_PREFERRED,OPERATIVE_PUBLIC_REFERENCE_NEEDS_ENGINEERING_APPROVAL,Tabla operativa para Hermes; no sustituye ASME oficial
20,20,500,20.000,508.00,60,60,0.812,20.62,B36.10M_LIKE,CARBON_STEEL_DEFAULT,OPERATIVE_PUBLIC_REFERENCE_NEEDS_ENGINEERING_APPROVAL,Tabla operativa para Hermes; no sustituye ASME oficial
20,20,500,20.000,508.00,80S,80S,0.500,12.70,B36.19M_LIKE,STAINLESS_STEEL_PREFERRED,OPERATIVE_PUBLIC_REFERENCE_NEEDS_ENGINEERING_APPROVAL,Tabla operativa para Hermes; no sustituye ASME oficial
20,20,500,20.000,508.00,XS,XS,0.500,12.70,B36.10M_LIKE,CARBON_STEEL_DEFAULT,OPERATIVE_PUBLIC_REFERENCE_NEEDS_ENGINEERING_APPROVAL,Tabla operativa para Hermes; no sustituye ASME oficial
20,20,500,20.000,508.00,80,80,1.031,26.19,B36.10M_LIKE,CARBON_STEEL_DEFAULT,OPERATIVE_PUBLIC_REFERENCE_NEEDS_ENGINEERING_APPROVAL,Tabla operativa para Hermes; no sustituye ASME oficial
20,20,500,20.000,508.00,100,100,1.280,32.51,B36.10M_LIKE,CARBON_STEEL_DEFAULT,OPERATIVE_PUBLIC_REFERENCE_NEEDS_ENGINEERING_APPROVAL,Tabla operativa para Hermes; no sustituye ASME oficial
20,20,500,20.000,508.00,120,120,1.500,38.10,B36.10M_LIKE,CARBON_STEEL_DEFAULT,OPERATIVE_PUBLIC_REFERENCE_NEEDS_ENGINEERING_APPROVAL,Tabla operativa para Hermes; no sustituye ASME oficial
20,20,500,20.000,508.00,140,140,1.750,44.45,B36.10M_LIKE,CARBON_STEEL_DEFAULT,OPERATIVE_PUBLIC_REFERENCE_NEEDS_ENGINEERING_APPROVAL,Tabla operativa para Hermes; no sustituye ASME oficial
20,20,500,20.000,508.00,160,160,1.968,49.99,B36.10M_LIKE,CARBON_STEEL_DEFAULT,OPERATIVE_PUBLIC_REFERENCE_NEEDS_ENGINEERING_APPROVAL,Tabla operativa para Hermes; no sustituye ASME oficial
22,22,550,22.000,558.80,5S,5S,0.188,4.78,B36.19M_LIKE,STAINLESS_STEEL_PREFERRED,OPERATIVE_PUBLIC_REFERENCE_NEEDS_ENGINEERING_APPROVAL,Tabla operativa para Hermes; no sustituye ASME oficial
22,22,550,22.000,558.80,10,10,0.250,6.35,B36.10M_LIKE,CARBON_STEEL_DEFAULT,OPERATIVE_PUBLIC_REFERENCE_NEEDS_ENGINEERING_APPROVAL,Tabla operativa para Hermes; no sustituye ASME oficial
22,22,550,22.000,558.80,10S,10S,0.218,5.54,B36.19M_LIKE,STAINLESS_STEEL_PREFERRED,OPERATIVE_PUBLIC_REFERENCE_NEEDS_ENGINEERING_APPROVAL,Tabla operativa para Hermes; no sustituye ASME oficial
22,22,550,22.000,558.80,20,20,0.375,9.52,B36.10M_LIKE,CARBON_STEEL_DEFAULT,OPERATIVE_PUBLIC_REFERENCE_NEEDS_ENGINEERING_APPROVAL,Tabla operativa para Hermes; no sustituye ASME oficial
22,22,550,22.000,558.80,30,30,0.500,12.70,B36.10M_LIKE,CARBON_STEEL_DEFAULT,OPERATIVE_PUBLIC_REFERENCE_NEEDS_ENGINEERING_APPROVAL,Tabla operativa para Hermes; no sustituye ASME oficial
22,22,550,22.000,558.80,STD,STD,0.375,9.52,B36.10M_LIKE,CARBON_STEEL_DEFAULT,OPERATIVE_PUBLIC_REFERENCE_NEEDS_ENGINEERING_APPROVAL,Tabla operativa para Hermes; no sustituye ASME oficial
22,22,550,22.000,558.80,40S,40S,0.375,9.52,B36.19M_LIKE,STAINLESS_STEEL_PREFERRED,OPERATIVE_PUBLIC_REFERENCE_NEEDS_ENGINEERING_APPROVAL,Tabla operativa para Hermes; no sustituye ASME oficial
22,22,550,22.000,558.80,60,60,0.875,22.22,B36.10M_LIKE,CARBON_STEEL_DEFAULT,OPERATIVE_PUBLIC_REFERENCE_NEEDS_ENGINEERING_APPROVAL,Tabla operativa para Hermes; no sustituye ASME oficial
22,22,550,22.000,558.80,80S,80S,0.500,12.70,B36.19M_LIKE,STAINLESS_STEEL_PREFERRED,OPERATIVE_PUBLIC_REFERENCE_NEEDS_ENGINEERING_APPROVAL,Tabla operativa para Hermes; no sustituye ASME oficial
22,22,550,22.000,558.80,XS,XS,0.500,12.70,B36.10M_LIKE,CARBON_STEEL_DEFAULT,OPERATIVE_PUBLIC_REFERENCE_NEEDS_ENGINEERING_APPROVAL,Tabla operativa para Hermes; no sustituye ASME oficial
22,22,550,22.000,558.80,80,80,1.125,28.57,B36.10M_LIKE,CARBON_STEEL_DEFAULT,OPERATIVE_PUBLIC_REFERENCE_NEEDS_ENGINEERING_APPROVAL,Tabla operativa para Hermes; no sustituye ASME oficial
22,22,550,22.000,558.80,100,100,1.375,34.92,B36.10M_LIKE,CARBON_STEEL_DEFAULT,OPERATIVE_PUBLIC_REFERENCE_NEEDS_ENGINEERING_APPROVAL,Tabla operativa para Hermes; no sustituye ASME oficial
22,22,550,22.000,558.80,120,120,1.625,41.27,B36.10M_LIKE,CARBON_STEEL_DEFAULT,OPERATIVE_PUBLIC_REFERENCE_NEEDS_ENGINEERING_APPROVAL,Tabla operativa para Hermes; no sustituye ASME oficial
22,22,550,22.000,558.80,140,140,1.875,47.62,B36.10M_LIKE,CARBON_STEEL_DEFAULT,OPERATIVE_PUBLIC_REFERENCE_NEEDS_ENGINEERING_APPROVAL,Tabla operativa para Hermes; no sustituye ASME oficial
22,22,550,22.000,558.80,160,160,2.125,53.97,B36.10M_LIKE,CARBON_STEEL_DEFAULT,OPERATIVE_PUBLIC_REFERENCE_NEEDS_ENGINEERING_APPROVAL,Tabla operativa para Hermes; no sustituye ASME oficial
24,24,600,24.000,609.60,5S,5S,0.218,5.54,B36.19M_LIKE,STAINLESS_STEEL_PREFERRED,OPERATIVE_PUBLIC_REFERENCE_NEEDS_ENGINEERING_APPROVAL,Tabla operativa para Hermes; no sustituye ASME oficial
24,24,600,24.000,609.60,10,10,0.250,6.35,B36.10M_LIKE,CARBON_STEEL_DEFAULT,OPERATIVE_PUBLIC_REFERENCE_NEEDS_ENGINEERING_APPROVAL,Tabla operativa para Hermes; no sustituye ASME oficial
24,24,600,24.000,609.60,10S,10S,0.250,6.35,B36.19M_LIKE,STAINLESS_STEEL_PREFERRED,OPERATIVE_PUBLIC_REFERENCE_NEEDS_ENGINEERING_APPROVAL,Tabla operativa para Hermes; no sustituye ASME oficial
24,24,600,24.000,609.60,20,20,0.375,9.52,B36.10M_LIKE,CARBON_STEEL_DEFAULT,OPERATIVE_PUBLIC_REFERENCE_NEEDS_ENGINEERING_APPROVAL,Tabla operativa para Hermes; no sustituye ASME oficial
24,24,600,24.000,609.60,30,30,0.562,14.27,B36.10M_LIKE,CARBON_STEEL_DEFAULT,OPERATIVE_PUBLIC_REFERENCE_NEEDS_ENGINEERING_APPROVAL,Tabla operativa para Hermes; no sustituye ASME oficial
24,24,600,24.000,609.60,STD,STD,0.375,9.52,B36.10M_LIKE,CARBON_STEEL_DEFAULT,OPERATIVE_PUBLIC_REFERENCE_NEEDS_ENGINEERING_APPROVAL,Tabla operativa para Hermes; no sustituye ASME oficial
24,24,600,24.000,609.60,40,40,0.687,17.45,B36.10M_LIKE,CARBON_STEEL_DEFAULT,OPERATIVE_PUBLIC_REFERENCE_NEEDS_ENGINEERING_APPROVAL,Tabla operativa para Hermes; no sustituye ASME oficial
24,24,600,24.000,609.60,40S,40S,0.375,9.52,B36.19M_LIKE,STAINLESS_STEEL_PREFERRED,OPERATIVE_PUBLIC_REFERENCE_NEEDS_ENGINEERING_APPROVAL,Tabla operativa para Hermes; no sustituye ASME oficial
24,24,600,24.000,609.60,60,60,0.968,24.59,B36.10M_LIKE,CARBON_STEEL_DEFAULT,OPERATIVE_PUBLIC_REFERENCE_NEEDS_ENGINEERING_APPROVAL,Tabla operativa para Hermes; no sustituye ASME oficial
24,24,600,24.000,609.60,80S,80S,0.500,12.70,B36.19M_LIKE,STAINLESS_STEEL_PREFERRED,OPERATIVE_PUBLIC_REFERENCE_NEEDS_ENGINEERING_APPROVAL,Tabla operativa para Hermes; no sustituye ASME oficial
24,24,600,24.000,609.60,XS,XS,0.500,12.70,B36.10M_LIKE,CARBON_STEEL_DEFAULT,OPERATIVE_PUBLIC_REFERENCE_NEEDS_ENGINEERING_APPROVAL,Tabla operativa para Hermes; no sustituye ASME oficial
24,24,600,24.000,609.60,80,80,1.218,30.94,B36.10M_LIKE,CARBON_STEEL_DEFAULT,OPERATIVE_PUBLIC_REFERENCE_NEEDS_ENGINEERING_APPROVAL,Tabla operativa para Hermes; no sustituye ASME oficial
24,24,600,24.000,609.60,100,100,1.531,38.89,B36.10M_LIKE,CARBON_STEEL_DEFAULT,OPERATIVE_PUBLIC_REFERENCE_NEEDS_ENGINEERING_APPROVAL,Tabla operativa para Hermes; no sustituye ASME oficial
24,24,600,24.000,609.60,120,120,1.812,46.02,B36.10M_LIKE,CARBON_STEEL_DEFAULT,OPERATIVE_PUBLIC_REFERENCE_NEEDS_ENGINEERING_APPROVAL,Tabla operativa para Hermes; no sustituye ASME oficial
24,24,600,24.000,609.60,140,140,2.062,52.37,B36.10M_LIKE,CARBON_STEEL_DEFAULT,OPERATIVE_PUBLIC_REFERENCE_NEEDS_ENGINEERING_APPROVAL,Tabla operativa para Hermes; no sustituye ASME oficial
24,24,600,24.000,609.60,160,160,2.343,59.51,B36.10M_LIKE,CARBON_STEEL_DEFAULT,OPERATIVE_PUBLIC_REFERENCE_NEEDS_ENGINEERING_APPROVAL,Tabla operativa para Hermes; no sustituye ASME oficial
26,26,650,26.000,660.40,10,10,0.312,7.92,B36.10M_LIKE,CARBON_STEEL_DEFAULT,OPERATIVE_PUBLIC_REFERENCE_NEEDS_ENGINEERING_APPROVAL,Tabla operativa para Hermes; no sustituye ASME oficial
26,26,650,26.000,660.40,20,20,0.500,12.70,B36.10M_LIKE,CARBON_STEEL_DEFAULT,OPERATIVE_PUBLIC_REFERENCE_NEEDS_ENGINEERING_APPROVAL,Tabla operativa para Hermes; no sustituye ASME oficial
26,26,650,26.000,660.40,STD,STD,0.375,9.52,B36.10M_LIKE,CARBON_STEEL_DEFAULT,OPERATIVE_PUBLIC_REFERENCE_NEEDS_ENGINEERING_APPROVAL,Tabla operativa para Hermes; no sustituye ASME oficial
26,26,650,26.000,660.40,40S,40S,0.375,9.52,B36.19M_LIKE,STAINLESS_STEEL_PREFERRED,OPERATIVE_PUBLIC_REFERENCE_NEEDS_ENGINEERING_APPROVAL,Tabla operativa para Hermes; no sustituye ASME oficial
28,28,700,28.000,711.20,10,10,0.312,7.92,B36.10M_LIKE,CARBON_STEEL_DEFAULT,OPERATIVE_PUBLIC_REFERENCE_NEEDS_ENGINEERING_APPROVAL,Tabla operativa para Hermes; no sustituye ASME oficial
28,28,700,28.000,711.20,20,20,0.500,12.70,B36.10M_LIKE,CARBON_STEEL_DEFAULT,OPERATIVE_PUBLIC_REFERENCE_NEEDS_ENGINEERING_APPROVAL,Tabla operativa para Hermes; no sustituye ASME oficial
28,28,700,28.000,711.20,30,30,0.625,15.88,B36.10M_LIKE,CARBON_STEEL_DEFAULT,OPERATIVE_PUBLIC_REFERENCE_NEEDS_ENGINEERING_APPROVAL,Tabla operativa para Hermes; no sustituye ASME oficial
28,28,700,28.000,711.20,STD,STD,0.375,9.52,B36.10M_LIKE,CARBON_STEEL_DEFAULT,OPERATIVE_PUBLIC_REFERENCE_NEEDS_ENGINEERING_APPROVAL,Tabla operativa para Hermes; no sustituye ASME oficial
28,28,700,28.000,711.20,40S,40S,0.375,9.52,B36.19M_LIKE,STAINLESS_STEEL_PREFERRED,OPERATIVE_PUBLIC_REFERENCE_NEEDS_ENGINEERING_APPROVAL,Tabla operativa para Hermes; no sustituye ASME oficial
30,30,750,30.000,762.00,5S,5S,0.250,6.35,B36.19M_LIKE,STAINLESS_STEEL_PREFERRED,OPERATIVE_PUBLIC_REFERENCE_NEEDS_ENGINEERING_APPROVAL,Tabla operativa para Hermes; no sustituye ASME oficial
30,30,750,30.000,762.00,10,10,0.312,7.92,B36.10M_LIKE,CARBON_STEEL_DEFAULT,OPERATIVE_PUBLIC_REFERENCE_NEEDS_ENGINEERING_APPROVAL,Tabla operativa para Hermes; no sustituye ASME oficial
30,30,750,30.000,762.00,10S,10S,0.312,7.92,B36.19M_LIKE,STAINLESS_STEEL_PREFERRED,OPERATIVE_PUBLIC_REFERENCE_NEEDS_ENGINEERING_APPROVAL,Tabla operativa para Hermes; no sustituye ASME oficial
30,30,750,30.000,762.00,20,20,0.500,12.70,B36.10M_LIKE,CARBON_STEEL_DEFAULT,OPERATIVE_PUBLIC_REFERENCE_NEEDS_ENGINEERING_APPROVAL,Tabla operativa para Hermes; no sustituye ASME oficial
30,30,750,30.000,762.00,30,30,0.625,15.88,B36.10M_LIKE,CARBON_STEEL_DEFAULT,OPERATIVE_PUBLIC_REFERENCE_NEEDS_ENGINEERING_APPROVAL,Tabla operativa para Hermes; no sustituye ASME oficial
30,30,750,30.000,762.00,STD,STD,0.375,9.52,B36.10M_LIKE,CARBON_STEEL_DEFAULT,OPERATIVE_PUBLIC_REFERENCE_NEEDS_ENGINEERING_APPROVAL,Tabla operativa para Hermes; no sustituye ASME oficial
30,30,750,30.000,762.00,40S,40S,0.375,9.52,B36.19M_LIKE,STAINLESS_STEEL_PREFERRED,OPERATIVE_PUBLIC_REFERENCE_NEEDS_ENGINEERING_APPROVAL,Tabla operativa para Hermes; no sustituye ASME oficial
32,32,800,32.000,812.80,10,10,0.312,7.92,B36.10M_LIKE,CARBON_STEEL_DEFAULT,OPERATIVE_PUBLIC_REFERENCE_NEEDS_ENGINEERING_APPROVAL,Tabla operativa para Hermes; no sustituye ASME oficial
32,32,800,32.000,812.80,20,20,0.500,12.70,B36.10M_LIKE,CARBON_STEEL_DEFAULT,OPERATIVE_PUBLIC_REFERENCE_NEEDS_ENGINEERING_APPROVAL,Tabla operativa para Hermes; no sustituye ASME oficial
32,32,800,32.000,812.80,30,30,0.625,15.88,B36.10M_LIKE,CARBON_STEEL_DEFAULT,OPERATIVE_PUBLIC_REFERENCE_NEEDS_ENGINEERING_APPROVAL,Tabla operativa para Hermes; no sustituye ASME oficial
32,32,800,32.000,812.80,STD,STD,0.375,9.52,B36.10M_LIKE,CARBON_STEEL_DEFAULT,OPERATIVE_PUBLIC_REFERENCE_NEEDS_ENGINEERING_APPROVAL,Tabla operativa para Hermes; no sustituye ASME oficial
32,32,800,32.000,812.80,40,40,0.688,17.48,B36.10M_LIKE,CARBON_STEEL_DEFAULT,OPERATIVE_PUBLIC_REFERENCE_NEEDS_ENGINEERING_APPROVAL,Tabla operativa para Hermes; no sustituye ASME oficial
32,32,800,32.000,812.80,40S,40S,0.375,9.52,B36.19M_LIKE,STAINLESS_STEEL_PREFERRED,OPERATIVE_PUBLIC_REFERENCE_NEEDS_ENGINEERING_APPROVAL,Tabla operativa para Hermes; no sustituye ASME oficial
34,34,850,34.000,863.60,10,10,0.312,7.92,B36.10M_LIKE,CARBON_STEEL_DEFAULT,OPERATIVE_PUBLIC_REFERENCE_NEEDS_ENGINEERING_APPROVAL,Tabla operativa para Hermes; no sustituye ASME oficial
34,34,850,34.000,863.60,20,20,0.500,12.70,B36.10M_LIKE,CARBON_STEEL_DEFAULT,OPERATIVE_PUBLIC_REFERENCE_NEEDS_ENGINEERING_APPROVAL,Tabla operativa para Hermes; no sustituye ASME oficial
34,34,850,34.000,863.60,30,30,0.625,15.88,B36.10M_LIKE,CARBON_STEEL_DEFAULT,OPERATIVE_PUBLIC_REFERENCE_NEEDS_ENGINEERING_APPROVAL,Tabla operativa para Hermes; no sustituye ASME oficial
34,34,850,34.000,863.60,STD,STD,0.375,9.52,B36.10M_LIKE,CARBON_STEEL_DEFAULT,OPERATIVE_PUBLIC_REFERENCE_NEEDS_ENGINEERING_APPROVAL,Tabla operativa para Hermes; no sustituye ASME oficial
34,34,850,34.000,863.60,40,40,0.688,17.48,B36.10M_LIKE,CARBON_STEEL_DEFAULT,OPERATIVE_PUBLIC_REFERENCE_NEEDS_ENGINEERING_APPROVAL,Tabla operativa para Hermes; no sustituye ASME oficial
34,34,850,34.000,863.60,40S,40S,0.375,9.52,B36.19M_LIKE,STAINLESS_STEEL_PREFERRED,OPERATIVE_PUBLIC_REFERENCE_NEEDS_ENGINEERING_APPROVAL,Tabla operativa para Hermes; no sustituye ASME oficial
36,36,900,36.000,914.40,10,10,0.312,7.92,B36.10M_LIKE,CARBON_STEEL_DEFAULT,OPERATIVE_PUBLIC_REFERENCE_NEEDS_ENGINEERING_APPROVAL,Tabla operativa para Hermes; no sustituye ASME oficial
36,36,900,36.000,914.40,20,20,0.500,12.70,B36.10M_LIKE,CARBON_STEEL_DEFAULT,OPERATIVE_PUBLIC_REFERENCE_NEEDS_ENGINEERING_APPROVAL,Tabla operativa para Hermes; no sustituye ASME oficial
36,36,900,36.000,914.40,30,30,0.625,15.88,B36.10M_LIKE,CARBON_STEEL_DEFAULT,OPERATIVE_PUBLIC_REFERENCE_NEEDS_ENGINEERING_APPROVAL,Tabla operativa para Hermes; no sustituye ASME oficial
36,36,900,36.000,914.40,STD,STD,0.375,9.52,B36.10M_LIKE,CARBON_STEEL_DEFAULT,OPERATIVE_PUBLIC_REFERENCE_NEEDS_ENGINEERING_APPROVAL,Tabla operativa para Hermes; no sustituye ASME oficial
36,36,900,36.000,914.40,40,40,0.750,19.05,B36.10M_LIKE,CARBON_STEEL_DEFAULT,OPERATIVE_PUBLIC_REFERENCE_NEEDS_ENGINEERING_APPROVAL,Tabla operativa para Hermes; no sustituye ASME oficial
36,36,900,36.000,914.40,40S,40S,0.375,9.52,B36.19M_LIKE,STAINLESS_STEEL_PREFERRED,OPERATIVE_PUBLIC_REFERENCE_NEEDS_ENGINEERING_APPROVAL,Tabla operativa para Hermes; no sustituye ASME oficial
